Name,Full Name,Object Type,Internal Type,Level,File Path,Line of code,Cyclomatic Complexity,Essential Complexity
LOGIN_HISTORY,DATA.SEALINER.LOGIN_HISTORY,DB2 Table,SQLScriptTable,DB2 Table,C:\ProgramData\CAST\AipConsole\AipNode\deploy\dss\main_sources\db2SEALINER.sql,10,0,0
LOGISTIC_FLAG,DATA.SEALINER.LOGISTIC_FLAG,DB2 Table,SQLScriptTable,DB2 Table,C:\ProgramData\CAST\AipConsole\AipNode\deploy\dss\main_sources\db2SEALINER.sql,12,0,0
LOGISTIC_FLAG_TRANS_DTL,DATA.SEALINER.LOGISTIC_FLAG_TRANS_DTL,DB2 Table,SQLScriptTable,DB2 Table,C:\ProgramData\CAST\AipConsole\AipNode\deploy\dss\main_sources\db2SEALINER.sql,28,0,0
AP_CAN_REJ_INV_HISTORY,DATA.SEALINER.AP_CAN_REJ_INV_HISTORY,DB2 Table,SQLScriptTable,DB2 Table,C:\ProgramData\CAST\AipConsole\AipNode\deploy\dss\main_sources\db2SEALINER.sql,32,0,0
DOC_CHARGES_RANGE_HISTORY,DATA.SEALINER.DOC_CHARGES_RANGE_HISTORY,DB2 Table,SQLScriptTable,DB2 Table,C:\ProgramData\CAST\AipConsole\AipNode\deploy\dss\main_sources\db2SEALINER.sql,25,0,0
DOCUMENT_MAILING_HISTORY,DATA.SEALINER.DOCUMENT_MAILING_HISTORY,DB2 Table,SQLScriptTable,DB2 Table,C:\ProgramData\CAST\AipConsole\AipNode\deploy\dss\main_sources\db2SEALINER.sql,20,0,0
VESS_ERR_LOG,DATA.SEALINER.VESS_ERR_LOG,DB2 Table,SQLScriptTable,DB2 Table,C:\ProgramData\CAST\AipConsole\AipNode\deploy\dss\main_sources\db2SEALINER.sql,11,0,0
WB_BOOK_DTL_HISTORY_ARCHIVE,DATA.SEALINER.WB_BOOK_DTL_HISTORY_ARCHIVE,DB2 Table,SQLScriptTable,DB2 Table,C:\ProgramData\CAST\AipConsole\AipNode\deploy\dss\main_sources\db2SEALINER.sql,19,0,0
WB_BOOK_HDR_HISTORY_ARCHIVE,DATA.SEALINER.WB_BOOK_HDR_HISTORY_ARCHIVE,DB2 Table,SQLScriptTable,DB2 Table,C:\ProgramData\CAST\AipConsole\AipNode\deploy\dss\main_sources\db2SEALINER.sql,45,0,0
WB_EDI_CONTAINER_HISTORY,DATA.SEALINER.WB_EDI_CONTAINER_HISTORY,DB2 Table,SQLScriptTable,DB2 Table,C:\ProgramData\CAST\AipConsole\AipNode\deploy\dss\main_sources\db2SEALINER.sql,17,0,0
WB_LOGIN_FAIL,DATA.SEALINER.WB_LOGIN_FAIL,DB2 Table,SQLScriptTable,DB2 Table,C:\ProgramData\CAST\AipConsole\AipNode\deploy\dss\main_sources\db2SEALINER.sql,8,0,0
YM_SCHEDULER_LOG,DATA.SEALINER.YM_SCHEDULER_LOG,DB2 Table,SQLScriptTable,DB2 Table,C:\ProgramData\CAST\AipConsole\AipNode\deploy\dss\main_sources\db2SEALINER.sql,22,0,0
BL_COST_DETAIL_HISTORY,DATA.SEALINER.BL_COST_DETAIL_HISTORY,DB2 Table,SQLScriptTable,DB2 Table,C:\ProgramData\CAST\AipConsole\AipNode\deploy\dss\main_sources\db2SEALINER.sql,81,0,0
BL_DILI_HISTORY,DATA.SEALINER.BL_DILI_HISTORY,DB2 Table,SQLScriptTable,DB2 Table,C:\ProgramData\CAST\AipConsole\AipNode\deploy\dss\main_sources\db2SEALINER.sql,12,0,0
BL_QUARANTINE_DTL_HISTORY,DATA.SEALINER.BL_QUARANTINE_DTL_HISTORY,DB2 Table,SQLScriptTable,DB2 Table,C:\ProgramData\CAST\AipConsole\AipNode\deploy\dss\main_sources\db2SEALINER.sql,22,0,0
EMS_HISTORY,DATA.SEALINER.EMS_HISTORY,DB2 Table,SQLScriptTable,DB2 Table,C:\ProgramData\CAST\AipConsole\AipNode\deploy\dss\main_sources\db2SEALINER.sql,52,0,0
BL_VAS_CONTACT_DTL_HISTORY,DATA.SEALINER.BL_VAS_CONTACT_DTL_HISTORY,DB2 Table,SQLScriptTable,DB2 Table,C:\ProgramData\CAST\AipConsole\AipNode\deploy\dss\main_sources\db2SEALINER.sql,28,0,0
BL_VAS_RATE_DTL_HISTORY,DATA.SEALINER.BL_VAS_RATE_DTL_HISTORY,DB2 Table,SQLScriptTable,DB2 Table,C:\ProgramData\CAST\AipConsole\AipNode\deploy\dss\main_sources\db2SEALINER.sql,45,0,0
BL_VAS_ROUTE_DTL_HISTORY,DATA.SEALINER.BL_VAS_ROUTE_DTL_HISTORY,DB2 Table,SQLScriptTable,DB2 Table,C:\ProgramData\CAST\AipConsole\AipNode\deploy\dss\main_sources\db2SEALINER.sql,20,0,0
BLACTIVITYLOG,DATA.SEALINER.BLACTIVITYLOG,DB2 Table,SQLScriptTable,DB2 Table,C:\ProgramData\CAST\AipConsole\AipNode\deploy\dss\main_sources\db2SEALINER.sql,17,0,0
BOOKING_VAS_RATE_DTL_HISTORY,DATA.SEALINER.BOOKING_VAS_RATE_DTL_HISTORY,DB2 Table,SQLScriptTable,DB2 Table,C:\ProgramData\CAST\AipConsole\AipNode\deploy\dss\main_sources\db2SEALINER.sql,42,0,0
GL_HISTORY_W,DATA.SEALINER.GL_HISTORY_W,DB2 Table,SQLScriptTable,DB2 Table,C:\ProgramData\CAST\AipConsole\AipNode\deploy\dss\main_sources\db2SEALINER.sql,106,0,0
TBL_TRS_FTP_LOG,DATA.DEPO.TBL_TRS_FTP_LOG,DB2 Table,SQLScriptTable,DB2 Table,C:\ProgramData\CAST\AipConsole\AipNode\deploy\dss\main_sources\db2DEPO.sql,9,0,0
TBL_TRS_LABOR_COST_MBLOG,DATA.DEPO.TBL_TRS_LABOR_COST_MBLOG,DB2 Table,SQLScriptTable,DB2 Table,C:\ProgramData\CAST\AipConsole\AipNode\deploy\dss\main_sources\db2DEPO.sql,28,0,0
TBL_TRS_LOGIN_HISTORY,DATA.DEPO.TBL_TRS_LOGIN_HISTORY,DB2 Table,SQLScriptTable,DB2 Table,C:\ProgramData\CAST\AipConsole\AipNode\deploy\dss\main_sources\db2DEPO.sql,12,0,0
TBL_TRS_LOGIN_HISTORY_TMP,DATA.DEPO.TBL_TRS_LOGIN_HISTORY_TMP,DB2 Table,SQLScriptTable,DB2 Table,C:\ProgramData\CAST\AipConsole\AipNode\deploy\dss\main_sources\db2DEPO.sql,12,0,0
ACTION_CODE_LOGIC_GRID,DATA.SEALINER.ACTION_CODE_LOGIC_GRID,DB2 Table,SQLScriptTable,DB2 Table,C:\ProgramData\CAST\AipConsole\AipNode\deploy\dss\main_sources\db2SEALINER.sql,16,0,0
CSB_STRG_BILLING_DTL_HISTORY,DATA.SEALINER.CSB_STRG_BILLING_DTL_HISTORY,DB2 Table,SQLScriptTable,DB2 Table,C:\ProgramData\CAST\AipConsole\AipNode\deploy\dss\main_sources\db2SEALINER.sql,66,0,0
CSB_STRG_BILLING_HDR_HISTORY,DATA.SEALINER.CSB_STRG_BILLING_HDR_HISTORY,DB2 Table,SQLScriptTable,DB2 Table,C:\ProgramData\CAST\AipConsole\AipNode\deploy\dss\main_sources\db2SEALINER.sql,59,0,0
CSB_STRG_BILLING_LOG,DATA.SEALINER.CSB_STRG_BILLING_LOG,DB2 Table,SQLScriptTable,DB2 Table,C:\ProgramData\CAST\AipConsole\AipNode\deploy\dss\main_sources\db2SEALINER.sql,9,0,0
DEPT_STRG_BILLING_LOG,DATA.SEALINER.DEPT_STRG_BILLING_LOG,DB2 Table,SQLScriptTable,DB2 Table,C:\ProgramData\CAST\AipConsole\AipNode\deploy\dss\main_sources\db2SEALINER.sql,8,0,0
DET_DEM_BILLING_DTL_HISTORY,DATA.SEALINER.DET_DEM_BILLING_DTL_HISTORY,DB2 Table,SQLScriptTable,DB2 Table,C:\ProgramData\CAST\AipConsole\AipNode\deploy\dss\main_sources\db2SEALINER.sql,78,0,0
DND_BILLING_LOG,DATA.SEALINER.DND_BILLING_LOG,DB2 Table,SQLScriptTable,DB2 Table,C:\ProgramData\CAST\AipConsole\AipNode\deploy\dss\main_sources\db2SEALINER.sql,12,0,0
EQUIPMENT_LOGISTIC,DATA.SEALINER.EQUIPMENT_LOGISTIC,DB2 Table,SQLScriptTable,DB2 Table,C:\ProgramData\CAST\AipConsole\AipNode\deploy\dss\main_sources\db2SEALINER.sql,17,0,0
EMS_COMMODITY_HISTORY,DATA.SEALINER.EMS_COMMODITY_HISTORY,DB2 Table,SQLScriptTable,DB2 Table,C:\ProgramData\CAST\AipConsole\AipNode\deploy\dss\main_sources\db2SEALINER.sql,17,0,0
EMS_ERROR_LOG,DATA.SEALINER.EMS_ERROR_LOG,DB2 Table,SQLScriptTable,DB2 Table,C:\ProgramData\CAST\AipConsole\AipNode\deploy\dss\main_sources\db2SEALINER.sql,5,0,0
ESM_PASSWORD_HISTORY,DATA.SEALINER.ESM_PASSWORD_HISTORY,DB2 Table,SQLScriptTable,DB2 Table,C:\ProgramData\CAST\AipConsole\AipNode\deploy\dss\main_sources\db2SEALINER.sql,8,0,0
GL_CTRL_ACCT_SETUP_HISTORY,DATA.SEALINER.GL_CTRL_ACCT_SETUP_HISTORY,DB2 Table,SQLScriptTable,DB2 Table,C:\ProgramData\CAST\AipConsole\AipNode\deploy\dss\main_sources\db2SEALINER.sql,25,0,0
GL_ERROR_LOG_WEB,DATA.SEALINER.GL_ERROR_LOG_WEB,DB2 Table,SQLScriptTable,DB2 Table,C:\ProgramData\CAST\AipConsole\AipNode\deploy\dss\main_sources\db2SEALINER.sql,20,0,0
GL_HISTORY_MPR_W,DATA.SEALINER.GL_HISTORY_MPR_W,DB2 Table,SQLScriptTable,DB2 Table,C:\ProgramData\CAST\AipConsole\AipNode\deploy\dss\main_sources\db2SEALINER.sql,106,0,0
GL_HISTORY_WEB,DATA.SEALINER.GL_HISTORY_WEB,DB2 Table,SQLScriptTable,DB2 Table,C:\ProgramData\CAST\AipConsole\AipNode\deploy\dss\main_sources\db2SEALINER.sql,46,0,0
GL_TEMP_HISTORY_W,DATA.SEALINER.GL_TEMP_HISTORY_W,DB2 Table,SQLScriptTable,DB2 Table,C:\ProgramData\CAST\AipConsole\AipNode\deploy\dss\main_sources\db2SEALINER.sql,103,0,0
GL_VC_MPR_SUMMARY_LOG,DATA.SEALINER.GL_VC_MPR_SUMMARY_LOG,DB2 Table,SQLScriptTable,DB2 Table,C:\ProgramData\CAST\AipConsole\AipNode\deploy\dss\main_sources\db2SEALINER.sql,16,0,0
IGP053_HISTORY,DATA.SEALINER.IGP053_HISTORY,DB2 Table,SQLScriptTable,DB2 Table,C:\ProgramData\CAST\AipConsole\AipNode\deploy\dss\main_sources\db2SEALINER.sql,20,0,0
INVOICE_HISTORY,DATA.SEALINER.INVOICE_HISTORY,DB2 Table,SQLScriptTable,DB2 Table,C:\ProgramData\CAST\AipConsole\AipNode\deploy\dss\main_sources\db2SEALINER.sql,11,0,0
YM_LOG_TABLE,DATA.SEALINER.YM_LOG_TABLE,DB2 Table,SQLScriptTable,DB2 Table,C:\ProgramData\CAST\AipConsole\AipNode\deploy\dss\main_sources\db2SEALINER.sql,18,0,0
IT_CONTHISTORY,DATA.SEALINER.IT_CONTHISTORY,DB2 Table,SQLScriptTable,DB2 Table,C:\ProgramData\CAST\AipConsole\AipNode\deploy\dss\main_sources\db2SEALINER.sql,14,0,0
IT_EKO_DASHBOARD_BLACTIVYTLOG,DATA.SEALINER.IT_EKO_DASHBOARD_BLACTIVYTLOG,DB2 Table,SQLScriptTable,DB2 Table,C:\ProgramData\CAST\AipConsole\AipNode\deploy\dss\main_sources\db2SEALINER.sql,14,0,0
ITP025_HISTORY,DATA.SEALINER.ITP025_HISTORY,DB2 Table,SQLScriptTable,DB2 Table,C:\ProgramData\CAST\AipConsole\AipNode\deploy\dss\main_sources\db2SEALINER.sql,80,0,0
ITP040_HISTORY,DATA.SEALINER.ITP040_HISTORY,DB2 Table,SQLScriptTable,DB2 Table,C:\ProgramData\CAST\AipConsole\AipNode\deploy\dss\main_sources\db2SEALINER.sql,67,0,0
ITP060_HISTORY,DATA.SEALINER.ITP060_HISTORY,DB2 Table,SQLScriptTable,DB2 Table,C:\ProgramData\CAST\AipConsole\AipNode\deploy\dss\main_sources\db2SEALINER.sql,101,0,0
ITP090_HISTORY,DATA.SEALINER.ITP090_HISTORY,DB2 Table,SQLScriptTable,DB2 Table,C:\ProgramData\CAST\AipConsole\AipNode\deploy\dss\main_sources\db2SEALINER.sql,61,0,0
ITP092_HISTORY,DATA.SEALINER.ITP092_HISTORY,DB2 Table,SQLScriptTable,DB2 Table,C:\ProgramData\CAST\AipConsole\AipNode\deploy\dss\main_sources\db2SEALINER.sql,59,0,0
ITP0GL_HEADER_HISTORY,DATA.SEALINER.ITP0GL_HEADER_HISTORY,DB2 Table,SQLScriptTable,DB2 Table,C:\ProgramData\CAST\AipConsole\AipNode\deploy\dss\main_sources\db2SEALINER.sql,28,0,0
ITP0TD_HISTORY,DATA.SEALINER.ITP0TD_HISTORY,DB2 Table,SQLScriptTable,DB2 Table,C:\ProgramData\CAST\AipConsole\AipNode\deploy\dss\main_sources\db2SEALINER.sql,85,0,0
ITP130_HISTORY,DATA.SEALINER.ITP130_HISTORY,DB2 Table,SQLScriptTable,DB2 Table,C:\ProgramData\CAST\AipConsole\AipNode\deploy\dss\main_sources\db2SEALINER.sql,169,0,0
ITP188_HISTORY,DATA.SEALINER.ITP188_HISTORY,DB2 Table,SQLScriptTable,DB2 Table,C:\ProgramData\CAST\AipConsole\AipNode\deploy\dss\main_sources\db2SEALINER.sql,77,0,0
JO_HEADER_HISTORY,DATA.SEALINER.JO_HEADER_HISTORY,DB2 Table,SQLScriptTable,DB2 Table,C:\ProgramData\CAST\AipConsole\AipNode\deploy\dss\main_sources\db2SEALINER.sql,57,0,0
JOB_ORDER_COST_HISTORY,DATA.SEALINER.JOB_ORDER_COST_HISTORY,DB2 Table,SQLScriptTable,DB2 Table,C:\ProgramData\CAST\AipConsole\AipNode\deploy\dss\main_sources\db2SEALINER.sql,36,0,0
JOB_ORDER_REMARKS_HISTORY,DATA.SEALINER.JOB_ORDER_REMARKS_HISTORY,DB2 Table,SQLScriptTable,DB2 Table,C:\ProgramData\CAST\AipConsole\AipNode\deploy\dss\main_sources\db2SEALINER.sql,19,0,0
LOG_QUOT,DATA.SEALINER.LOG_QUOT,DB2 Table,SQLScriptTable,DB2 Table,C:\ProgramData\CAST\AipConsole\AipNode\deploy\dss\main_sources\db2SEALINER.sql,8,0,0
LOGGER,DATA.SEALINER.LOGGER,DB2 Table,SQLScriptTable,DB2 Table,C:\ProgramData\CAST\AipConsole\AipNode\deploy\dss\main_sources\db2SEALINER.sql,12,0,0
LOGGER_ARCHIVE,DATA.SEALINER.LOGGER_ARCHIVE,DB2 Table,SQLScriptTable,DB2 Table,C:\ProgramData\CAST\AipConsole\AipNode\deploy\dss\main_sources\db2SEALINER.sql,12,0,0
LOGISTIC_FLAG_TRANS_HDR,DATA.SEALINER.LOGISTIC_FLAG_TRANS_HDR,DB2 Table,SQLScriptTable,DB2 Table,C:\ProgramData\CAST\AipConsole\AipNode\deploy\dss\main_sources\db2SEALINER.sql,14,0,0
LRS_LOG_DTL,DATA.SEALINER.LRS_LOG_DTL,DB2 Table,SQLScriptTable,DB2 Table,C:\ProgramData\CAST\AipConsole\AipNode\deploy\dss\main_sources\db2SEALINER.sql,19,0,0
MPR_STD_COST_AUDIT_LOG,DATA.SEALINER.MPR_STD_COST_AUDIT_LOG,DB2 Table,SQLScriptTable,DB2 Table,C:\ProgramData\CAST\AipConsole\AipNode\deploy\dss\main_sources\db2SEALINER.sql,30,0,0
MPR_SUMMARY_LOG,DATA.SEALINER.MPR_SUMMARY_LOG,DB2 Table,SQLScriptTable,DB2 Table,C:\ProgramData\CAST\AipConsole\AipNode\deploy\dss\main_sources\db2SEALINER.sql,16,0,0
PAYMENT_RECEIPT_HISTORY,DATA.SEALINER.PAYMENT_RECEIPT_HISTORY,DB2 Table,SQLScriptTable,DB2 Table,C:\ProgramData\CAST\AipConsole\AipNode\deploy\dss\main_sources\db2SEALINER.sql,10,0,0
PRINT_CLAUSE_EIX_HISTORY,DATA.SEALINER.PRINT_CLAUSE_EIX_HISTORY,DB2 Table,SQLScriptTable,DB2 Table,C:\ProgramData\CAST\AipConsole\AipNode\deploy\dss\main_sources\db2SEALINER.sql,10,0,0
PROD_CATALOG_NON_AVAIL,DATA.SEALINER.PROD_CATALOG_NON_AVAIL,DB2 Table,SQLScriptTable,DB2 Table,C:\ProgramData\CAST\AipConsole\AipNode\deploy\dss\main_sources\db2SEALINER.sql,13,0,0
PROD_CATALOG_NON_AVAIL_ORG,DATA.SEALINER.PROD_CATALOG_NON_AVAIL_ORG,DB2 Table,SQLScriptTable,DB2 Table,C:\ProgramData\CAST\AipConsole\AipNode\deploy\dss\main_sources\db2SEALINER.sql,9,0,0
PROFORMA_GEN_HISTORY,DATA.SEALINER.PROFORMA_GEN_HISTORY,DB2 Table,SQLScriptTable,DB2 Table,C:\ProgramData\CAST\AipConsole\AipNode\deploy\dss\main_sources\db2SEALINER.sql,20,0,0
PROGRAM_EXECUTION_TIMING_LOG,DATA.SEALINER.PROGRAM_EXECUTION_TIMING_LOG,DB2 Table,SQLScriptTable,DB2 Table,C:\ProgramData\CAST\AipConsole\AipNode\deploy\dss\main_sources\db2SEALINER.sql,6,0,0
QUOT_PORT_SURCH_REV_LOG,DATA.SEALINER.QUOT_PORT_SURCH_REV_LOG,DB2 Table,SQLScriptTable,DB2 Table,C:\ProgramData\CAST\AipConsole\AipNode\deploy\dss\main_sources\db2SEALINER.sql,15,0,0
QUOT_REVISION_HISTORY,DATA.SEALINER.QUOT_REVISION_HISTORY,DB2 Table,SQLScriptTable,DB2 Table,C:\ProgramData\CAST\AipConsole\AipNode\deploy\dss\main_sources\db2SEALINER.sql,28,0,0
RATEREVISIONLOG,DATA.SEALINER.RATEREVISIONLOG,DB2 Table,SQLScriptTable,DB2 Table,C:\ProgramData\CAST\AipConsole\AipNode\deploy\dss\main_sources\db2SEALINER.sql,32,0,0
REPAIR_HISTORY,DATA.SEALINER.REPAIR_HISTORY,DB2 Table,SQLScriptTable,DB2 Table,C:\ProgramData\CAST\AipConsole\AipNode\deploy\dss\main_sources\db2SEALINER.sql,211,0,0
REPAIR_HISTORY_ADD_CHRG,DATA.SEALINER.REPAIR_HISTORY_ADD_CHRG,DB2 Table,SQLScriptTable,DB2 Table,C:\ProgramData\CAST\AipConsole\AipNode\deploy\dss\main_sources\db2SEALINER.sql,35,0,0
REPAIR_HISTORY_DETAIL,DATA.SEALINER.REPAIR_HISTORY_DETAIL,DB2 Table,SQLScriptTable,DB2 Table,C:\ProgramData\CAST\AipConsole\AipNode\deploy\dss\main_sources\db2SEALINER.sql,104,0,0
REPAIR_HISTORY_RECOVERY,DATA.SEALINER.REPAIR_HISTORY_RECOVERY,DB2 Table,SQLScriptTable,DB2 Table,C:\ProgramData\CAST\AipConsole\AipNode\deploy\dss\main_sources\db2SEALINER.sql,49,0,0
REPAIR_HISTORY_SPARE_PART,DATA.SEALINER.REPAIR_HISTORY_SPARE_PART,DB2 Table,SQLScriptTable,DB2 Table,C:\ProgramData\CAST\AipConsole\AipNode\deploy\dss\main_sources\db2SEALINER.sql,27,0,0
SC_PRSN_LOG_INFO,DATA.SEALINER.SC_PRSN_LOG_INFO,DB2 Table,SQLScriptTable,DB2 Table,C:\ProgramData\CAST\AipConsole\AipNode\deploy\dss\main_sources\db2SEALINER.sql,41,0,0
SC_PWD_HISTORY,DATA.SEALINER.SC_PWD_HISTORY,DB2 Table,SQLScriptTable,DB2 Table,C:\ProgramData\CAST\AipConsole\AipNode\deploy\dss\main_sources\db2SEALINER.sql,13,0,0
SMS_BILLING_LOG,DATA.SEALINER.SMS_BILLING_LOG,DB2 Table,SQLScriptTable,DB2 Table,C:\ProgramData\CAST\AipConsole\AipNode\deploy\dss\main_sources\db2SEALINER.sql,9,0,0
TBL_FREIGHTBL_BOTTOM_HISTORY,DATA.SEALINER.TBL_FREIGHTBL_BOTTOM_HISTORY,DB2 Table,SQLScriptTable,DB2 Table,C:\ProgramData\CAST\AipConsole\AipNode\deploy\dss\main_sources\db2SEALINER.sql,15,0,0
TEMP_INTERFACE_LOG_FILE,DATA.SEALINER.TEMP_INTERFACE_LOG_FILE,DB2 Table,SQLScriptTable,DB2 Table,C:\ProgramData\CAST\AipConsole\AipNode\deploy\dss\main_sources\db2SEALINER.sql,21,0,0
UC_MOVE_HISTORY,DATA.SEALINER.UC_MOVE_HISTORY,DB2 Table,SQLScriptTable,DB2 Table,C:\ProgramData\CAST\AipConsole\AipNode\deploy\dss\main_sources\db2SEALINER.sql,171,0,0
UPLOAD_LOG,DATA.SEALINER.UPLOAD_LOG,DB2 Table,SQLScriptTable,DB2 Table,C:\ProgramData\CAST\AipConsole\AipNode\deploy\dss\main_sources\db2SEALINER.sql,7,0,0
VAS_JO_AUDIT_HISTORY,DATA.SEALINER.VAS_JO_AUDIT_HISTORY,DB2 Table,SQLScriptTable,DB2 Table,C:\ProgramData\CAST\AipConsole\AipNode\deploy\dss\main_sources\db2SEALINER.sql,15,0,0
VC_PROCESS_LOG,DATA.SEALINER.VC_PROCESS_LOG,DB2 Table,SQLScriptTable,DB2 Table,C:\ProgramData\CAST\AipConsole\AipNode\deploy\dss\main_sources\db2SEALINER.sql,15,0,0
WB_API_CLIENT_LOG,DATA.SEALINER.WB_API_CLIENT_LOG,DB2 Table,SQLScriptTable,DB2 Table,C:\ProgramData\CAST\AipConsole\AipNode\deploy\dss\main_sources\db2SEALINER.sql,9,0,0
WB_BJTI_CONTAINER_HISTORY,DATA.SEALINER.WB_BJTI_CONTAINER_HISTORY,DB2 Table,SQLScriptTable,DB2 Table,C:\ProgramData\CAST\AipConsole\AipNode\deploy\dss\main_sources\db2SEALINER.sql,15,0,0
WB_BJTI_LOG_REQUEST,DATA.SEALINER.WB_BJTI_LOG_REQUEST,DB2 Table,SQLScriptTable,DB2 Table,C:\ProgramData\CAST\AipConsole\AipNode\deploy\dss\main_sources\db2SEALINER.sql,8,0,0
WB_BOOK_DTL_PROJECT_LOG,DATA.SEALINER.WB_BOOK_DTL_PROJECT_LOG,DB2 Table,SQLScriptTable,DB2 Table,C:\ProgramData\CAST\AipConsole\AipNode\deploy\dss\main_sources\db2SEALINER.sql,33,0,0
WB_BOOK_HDR_PROJECT_LOG,DATA.SEALINER.WB_BOOK_HDR_PROJECT_LOG,DB2 Table,SQLScriptTable,DB2 Table,C:\ProgramData\CAST\AipConsole\AipNode\deploy\dss\main_sources\db2SEALINER.sql,44,0,0
WB_BOOK_REQUEST_LOG,DATA.SEALINER.WB_BOOK_REQUEST_LOG,DB2 Table,SQLScriptTable,DB2 Table,C:\ProgramData\CAST\AipConsole\AipNode\deploy\dss\main_sources\db2SEALINER.sql,19,0,0
WB_BOOK_REQUEST_LOG2_ARCHIVE,DATA.SEALINER.WB_BOOK_REQUEST_LOG2_ARCHIVE,DB2 Table,SQLScriptTable,DB2 Table,C:\ProgramData\CAST\AipConsole\AipNode\deploy\dss\main_sources\db2SEALINER.sql,19,0,0
WB_BOOK_REQUEST_LOG2_MD,DATA.SEALINER.WB_BOOK_REQUEST_LOG2_MD,DB2 Table,SQLScriptTable,DB2 Table,C:\ProgramData\CAST\AipConsole\AipNode\deploy\dss\main_sources\db2SEALINER.sql,19,0,0
WB_DOKU_LOGGER,DATA.SEALINER.WB_DOKU_LOGGER,DB2 Table,SQLScriptTable,DB2 Table,C:\ProgramData\CAST\AipConsole\AipNode\deploy\dss\main_sources\db2SEALINER.sql,7,0,0
WB_DWI_CREATE_LOG,DATA.SEALINER.WB_DWI_CREATE_LOG,DB2 Table,SQLScriptTable,DB2 Table,C:\ProgramData\CAST\AipConsole\AipNode\deploy\dss\main_sources\db2SEALINER.sql,7,0,0
WB_EDI_LOG_REQUEST,DATA.SEALINER.WB_EDI_LOG_REQUEST,DB2 Table,SQLScriptTable,DB2 Table,C:\ProgramData\CAST\AipConsole\AipNode\deploy\dss\main_sources\db2SEALINER.sql,10,0,0
WB_REGISTER_EVENTS_HISTORY,DATA.SEALINER.WB_REGISTER_EVENTS_HISTORY,DB2 Table,SQLScriptTable,DB2 Table,C:\ProgramData\CAST\AipConsole\AipNode\deploy\dss\main_sources\db2SEALINER.sql,18,0,0
WB_TEMP_CONTHISTORY,DATA.SEALINER.WB_TEMP_CONTHISTORY,DB2 Table,SQLScriptTable,DB2 Table,C:\ProgramData\CAST\AipConsole\AipNode\deploy\dss\main_sources\db2SEALINER.sql,30,0,0
WB_USER_PASSWORD_HISTORY,DATA.SEALINER.WB_USER_PASSWORD_HISTORY,DB2 Table,SQLScriptTable,DB2 Table,C:\ProgramData\CAST\AipConsole\AipNode\deploy\dss\main_sources\db2SEALINER.sql,8,0,0
YM_LOG_TABLE_BKP,DATA.SEALINER.YM_LOG_TABLE_BKP,DB2 Table,SQLScriptTable,DB2 Table,C:\ProgramData\CAST\AipConsole\AipNode\deploy\dss\main_sources\db2SEALINER.sql,18,0,0
GL_TEMP_HISTORY_WEB,USERTEMP1.SEALINER.GL_TEMP_HISTORY_WEB,DB2 Table,SQLScriptTable,DB2 Table,C:\ProgramData\CAST\AipConsole\AipNode\deploy\dss\main_sources\db2SEALINER.sql,43,0,0
GL_TEMP_IS_LOG,USERTEMP1.SEALINER.GL_TEMP_IS_LOG,DB2 Table,SQLScriptTable,DB2 Table,C:\ProgramData\CAST\AipConsole\AipNode\deploy\dss\main_sources\db2SEALINER.sql,9,0,0
TEMP_MPR_AUDIT_LOG,USERTEMP1.SEALINER.TEMP_MPR_AUDIT_LOG,DB2 Table,SQLScriptTable,DB2 Table,C:\ProgramData\CAST\AipConsole\AipNode\deploy\dss\main_sources\db2SEALINER.sql,34,0,0
