Name,Full Name,Object Type,Internal Type,Level,File Path,Line of code,Cyclomatic Complexity,Essential Complexity
GetCustomerOfficeAddress,MIFV2.dbo.GetCustomerOfficeAddress,SQL Server Procedure,SQLScriptProcedure,SQL Server Procedure,D:\CAST\deploy\SCMProfit\main_sources\DB_Artifacts\DatabaseSchemaDDL.sql,14,2,2
Bkg_GetBookingDetailsWithUnbilledRevenue,MIFV2.dbo.Bkg_GetBookingDetailsWithUnbilledRevenue,SQL Server Procedure,SQLScriptProcedure,SQL Server Procedure,D:\CAST\deploy\SCMProfit\main_sources\DB_Artifacts\DatabaseSchemaDDL.sql,98,23,23
VendorloadProc,MIFV2.dbo.VendorloadProc,SQL Server Procedure,SQLScriptProcedure,SQL Server Procedure,D:\CAST\deploy\SCMProfit\main_sources\DB_Artifacts\DatabaseSchemaDDL.sql,47,1,1
CkbGetMySqlSelectQueries,MIFV2.dbo.CkbGetMySqlSelectQueries,SQL Server Procedure,SQLScriptProcedure,SQL Server Procedure,D:\CAST\deploy\SCMProfit\main_sources\DB_Artifacts\DatabaseSchemaDDL.sql,37,1,1
Contract_GetServiceDetails,MIFV2.dbo.Contract_GetServiceDetails,SQL Server Procedure,SQLScriptProcedure,SQL Server Procedure,D:\CAST\deploy\SCMProfit\main_sources\DB_Artifacts\DatabaseSchemaDDL.sql,81,3,4
Ord_GetSalesOrdersByPOD,MIFV2.dbo.Ord_GetSalesOrdersByPOD,SQL Server Procedure,SQLScriptProcedure,SQL Server Procedure,D:\CAST\deploy\SCMProfit\main_sources\DB_Artifacts\DatabaseSchemaDDL.sql,18,1,1
Ord_GetSalesOrdersByPaymentSchedule,MIFV2.dbo.Ord_GetSalesOrdersByPaymentSchedule,SQL Server Procedure,SQLScriptProcedure,SQL Server Procedure,D:\CAST\deploy\SCMProfit\main_sources\DB_Artifacts\DatabaseSchemaDDL.sql,18,1,1
Ord_GetPurchaseOrdersByPaymentTerm,MIFV2.dbo.Ord_GetPurchaseOrdersByPaymentTerm,SQL Server Procedure,SQLScriptProcedure,SQL Server Procedure,D:\CAST\deploy\SCMProfit\main_sources\DB_Artifacts\DatabaseSchemaDDL.sql,18,1,1
Ord_GetPurchaseOrdersByGrossWeightByMonth,MIFV2.dbo.Ord_GetPurchaseOrdersByGrossWeightByMonth,SQL Server Procedure,SQLScriptProcedure,SQL Server Procedure,D:\CAST\deploy\SCMProfit\main_sources\DB_Artifacts\DatabaseSchemaDDL.sql,18,1,1
Wh_InsertLevel,MIFV2.dbo.Wh_InsertLevel,SQL Server Procedure,SQLScriptProcedure,SQL Server Procedure,D:\CAST\deploy\SCMProfit\main_sources\DB_Artifacts\DatabaseSchemaDDL.sql,99,1,1
Bkg_LoadingInstructionDetails,MIFV2.dbo.Bkg_LoadingInstructionDetails,SQL Server Procedure,SQLScriptProcedure,SQL Server Procedure,D:\CAST\deploy\SCMProfit\main_sources\DB_Artifacts\DatabaseSchemaDDL.sql,15,1,1
Ord_GetSalesOrdersByGrossWeightByMonth,MIFV2.dbo.Ord_GetSalesOrdersByGrossWeightByMonth,SQL Server Procedure,SQLScriptProcedure,SQL Server Procedure,D:\CAST\deploy\SCMProfit\main_sources\DB_Artifacts\DatabaseSchemaDDL.sql,18,1,1
Contract_GetServiceChgDetails_IFF,MIFV2.dbo.Contract_GetServiceChgDetails_IFF,SQL Server Procedure,SQLScriptProcedure,SQL Server Procedure,D:\CAST\deploy\SCMProfit\main_sources\DB_Artifacts\DatabaseSchemaDDL.sql,46,9,9
WH_UpdateLocationMasterisLeaf,MIFV2.dbo.WH_UpdateLocationMasterisLeaf,SQL Server Procedure,SQLScriptProcedure,SQL Server Procedure,D:\CAST\deploy\SCMProfit\main_sources\DB_Artifacts\DatabaseSchemaDDL.sql,97,28,28
Ord_GetPOPendingAcceptance,MIFV2.dbo.Ord_GetPOPendingAcceptance,SQL Server Procedure,SQLScriptProcedure,SQL Server Procedure,D:\CAST\deploy\SCMProfit\main_sources\DB_Artifacts\DatabaseSchemaDDL.sql,45,1,1
Wh_UpdateLocationWeightVolume,MIFV2.dbo.Wh_UpdateLocationWeightVolume,SQL Server Procedure,SQLScriptProcedure,SQL Server Procedure,D:\CAST\deploy\SCMProfit\main_sources\DB_Artifacts\DatabaseSchemaDDL.sql,36,1,1
Ord_GetPurchaseOrdersByPaymentSchedule,MIFV2.dbo.Ord_GetPurchaseOrdersByPaymentSchedule,SQL Server Procedure,SQLScriptProcedure,SQL Server Procedure,D:\CAST\deploy\SCMProfit\main_sources\DB_Artifacts\DatabaseSchemaDDL.sql,18,1,1
Ord_GetSalesOrdersByClient,MIFV2.dbo.Ord_GetSalesOrdersByClient,SQL Server Procedure,SQLScriptProcedure,SQL Server Procedure,D:\CAST\deploy\SCMProfit\main_sources\DB_Artifacts\DatabaseSchemaDDL.sql,18,1,1
Order_GetShipmentRequestRegisterOrderTypeWiseProduct,MIFV2.dbo.Order_GetShipmentRequestRegisterOrderTypeWiseProduct,SQL Server Procedure,SQLScriptProcedure,SQL Server Procedure,D:\CAST\deploy\SCMProfit\main_sources\DB_Artifacts\DatabaseSchemaDDL.sql,87,12,12
Ord_GetPurchaseOrdersByStatus,MIFV2.dbo.Ord_GetPurchaseOrdersByStatus,SQL Server Procedure,SQLScriptProcedure,SQL Server Procedure,D:\CAST\deploy\SCMProfit\main_sources\DB_Artifacts\DatabaseSchemaDDL.sql,18,1,1
DebtorloadProc,MIFV2.dbo.DebtorloadProc,SQL Server Procedure,SQLScriptProcedure,SQL Server Procedure,D:\CAST\deploy\SCMProfit\main_sources\DB_Artifacts\DatabaseSchemaDDL.sql,47,1,1
Contract_GetContractInfoHeader,MIFV2.dbo.Contract_GetContractInfoHeader,SQL Server Procedure,SQLScriptProcedure,SQL Server Procedure,D:\CAST\deploy\SCMProfit\main_sources\DB_Artifacts\DatabaseSchemaDDL.sql,134,11,11
sp_TableSize,MIFV2.dbo.sp_TableSize,SQL Server Procedure,SQLScriptProcedure,SQL Server Procedure,D:\CAST\deploy\SCMProfit\main_sources\DB_Artifacts\DatabaseSchemaDDL.sql,47,9,9
Ord_GetPurchaseOrdersBySalesPerson,MIFV2.dbo.Ord_GetPurchaseOrdersBySalesPerson,SQL Server Procedure,SQLScriptProcedure,SQL Server Procedure,D:\CAST\deploy\SCMProfit\main_sources\DB_Artifacts\DatabaseSchemaDDL.sql,18,1,1
Wh_BuildActivityUtilization,MIFV2.dbo.Wh_BuildActivityUtilization,SQL Server Procedure,SQLScriptProcedure,SQL Server Procedure,D:\CAST\deploy\SCMProfit\main_sources\DB_Artifacts\DatabaseSchemaDDL.sql,144,1,1
Bill_GetInvoicePackageDetailsForCKB,MIFV2.dbo.Bill_GetInvoicePackageDetailsForCKB,SQL Server Procedure,SQLScriptProcedure,SQL Server Procedure,D:\CAST\deploy\SCMProfit\main_sources\DB_Artifacts\DatabaseSchemaDDL.sql,24,1,1
Ord_GetSalesOrdersByVolumeByMonth,MIFV2.dbo.Ord_GetSalesOrdersByVolumeByMonth,SQL Server Procedure,SQLScriptProcedure,SQL Server Procedure,D:\CAST\deploy\SCMProfit\main_sources\DB_Artifacts\DatabaseSchemaDDL.sql,18,1,1
Contract_GetServiceChgDetails_DFF,MIFV2.dbo.Contract_GetServiceChgDetails_DFF,SQL Server Procedure,SQLScriptProcedure,SQL Server Procedure,D:\CAST\deploy\SCMProfit\main_sources\DB_Artifacts\DatabaseSchemaDDL.sql,81,21,21
Wh_GetPutawaySlipHeader,MIFV2.dbo.Wh_GetPutawaySlipHeader,SQL Server Procedure,SQLScriptProcedure,SQL Server Procedure,D:\CAST\deploy\SCMProfit\main_sources\DB_Artifacts\DatabaseSchemaDDL.sql,233,5,5
Ord_GetSRPendingAcceptance,MIFV2.dbo.Ord_GetSRPendingAcceptance,SQL Server Procedure,SQLScriptProcedure,SQL Server Procedure,D:\CAST\deploy\SCMProfit\main_sources\DB_Artifacts\DatabaseSchemaDDL.sql,39,1,1
Ord_GetSRPendingForExecution,MIFV2.dbo.Ord_GetSRPendingForExecution,SQL Server Procedure,SQLScriptProcedure,SQL Server Procedure,D:\CAST\deploy\SCMProfit\main_sources\DB_Artifacts\DatabaseSchemaDDL.sql,39,1,1
Bkg_GetSalesmanwiseBookingDetails,MIFV2.dbo.Bkg_GetSalesmanwiseBookingDetails,SQL Server Procedure,SQLScriptProcedure,SQL Server Procedure,D:\CAST\deploy\SCMProfit\main_sources\DB_Artifacts\DatabaseSchemaDDL.sql,90,23,23
Wh_InsertLocation,MIFV2.dbo.Wh_InsertLocation,SQL Server Procedure,SQLScriptProcedure,SQL Server Procedure,D:\CAST\deploy\SCMProfit\main_sources\DB_Artifacts\DatabaseSchemaDDL.sql,109,1,1
Ord_GetPurchaseOrdersByClient,MIFV2.dbo.Ord_GetPurchaseOrdersByClient,SQL Server Procedure,SQLScriptProcedure,SQL Server Procedure,D:\CAST\deploy\SCMProfit\main_sources\DB_Artifacts\DatabaseSchemaDDL.sql,18,1,1
Ord_GetSalesOrdersByPaymentTerm,MIFV2.dbo.Ord_GetSalesOrdersByPaymentTerm,SQL Server Procedure,SQLScriptProcedure,SQL Server Procedure,D:\CAST\deploy\SCMProfit\main_sources\DB_Artifacts\DatabaseSchemaDDL.sql,18,1,1
USP_REPMON_CREATE_INSERT,MIFV2.dbo.USP_REPMON_CREATE_INSERT,SQL Server Procedure,SQLScriptProcedure,SQL Server Procedure,D:\CAST\deploy\SCMProfit\main_sources\DB_Artifacts\DatabaseSchemaDDL.sql,24,2,2
Ord_GetPurchaseOrdersByPOD,MIFV2.dbo.Ord_GetPurchaseOrdersByPOD,SQL Server Procedure,SQLScriptProcedure,SQL Server Procedure,D:\CAST\deploy\SCMProfit\main_sources\DB_Artifacts\DatabaseSchemaDDL.sql,18,1,1
Ord_GetSalesOrdersByProductCategory,MIFV2.dbo.Ord_GetSalesOrdersByProductCategory,SQL Server Procedure,SQLScriptProcedure,SQL Server Procedure,D:\CAST\deploy\SCMProfit\main_sources\DB_Artifacts\DatabaseSchemaDDL.sql,18,1,1
Bill_GetInvoiceDetail_Product,MIFV2.dbo.Bill_GetInvoiceDetail_Product,SQL Server Procedure,SQLScriptProcedure,SQL Server Procedure,D:\CAST\deploy\SCMProfit\main_sources\DB_Artifacts\DatabaseSchemaDDL.sql,87,27,27
Ord_GetPurchaseOrdersByVolumeByMonth,MIFV2.dbo.Ord_GetPurchaseOrdersByVolumeByMonth,SQL Server Procedure,SQLScriptProcedure,SQL Server Procedure,D:\CAST\deploy\SCMProfit\main_sources\DB_Artifacts\DatabaseSchemaDDL.sql,18,1,1
Contract_GetContractInfoHeader_KLOG,MIFV2.dbo.Contract_GetContractInfoHeader_KLOG,SQL Server Procedure,SQLScriptProcedure,SQL Server Procedure,D:\CAST\deploy\SCMProfit\main_sources\DB_Artifacts\DatabaseSchemaDDL.sql,143,15,15
Ord_GetSalesOrdersBySalesPerson,MIFV2.dbo.Ord_GetSalesOrdersBySalesPerson,SQL Server Procedure,SQLScriptProcedure,SQL Server Procedure,D:\CAST\deploy\SCMProfit\main_sources\DB_Artifacts\DatabaseSchemaDDL.sql,18,1,1
WH_PerPackage,MIFV2.dbo.WH_PerPackage,SQL Server Procedure,SQLScriptProcedure,SQL Server Procedure,D:\CAST\deploy\SCMProfit\main_sources\DB_Artifacts\DatabaseSchemaDDL.sql,38,1,1
SFSGetPackageTrackingDetails,MIFV2.dbo.SFSGetPackageTrackingDetails,SQL Server Procedure,SQLScriptProcedure,SQL Server Procedure,D:\CAST\deploy\SCMProfit\main_sources\DB_Artifacts\DatabaseSchemaDDL.sql,26,13,13
Ord_GetPurchaseOrdersByProductCategory,MIFV2.dbo.Ord_GetPurchaseOrdersByProductCategory,SQL Server Procedure,SQLScriptProcedure,SQL Server Procedure,D:\CAST\deploy\SCMProfit\main_sources\DB_Artifacts\DatabaseSchemaDDL.sql,18,1,1
WH_GetGRNProductsDetails,MIFV2.dbo.WH_GetGRNProductsDetails,SQL Server Procedure,SQLScriptProcedure,SQL Server Procedure,D:\CAST\deploy\SCMProfit\main_sources\DB_Artifacts\DatabaseSchemaDDL.sql,161,11,11
Ord_GetSalesOrdersByStatus,MIFV2.dbo.Ord_GetSalesOrdersByStatus,SQL Server Procedure,SQLScriptProcedure,SQL Server Procedure,D:\CAST\deploy\SCMProfit\main_sources\DB_Artifacts\DatabaseSchemaDDL.sql,18,1,1
Contract_GetServiceChgDetails,MIFV2.dbo.Contract_GetServiceChgDetails,SQL Server Procedure,SQLScriptProcedure,SQL Server Procedure,D:\CAST\deploy\SCMProfit\main_sources\DB_Artifacts\DatabaseSchemaDDL.sql,42,3,3
Bkg_LoadingInstuctionHeader,MIFV2.dbo.Bkg_LoadingInstuctionHeader,SQL Server Procedure,SQLScriptProcedure,SQL Server Procedure,D:\CAST\deploy\SCMProfit\main_sources\DB_Artifacts\DatabaseSchemaDDL.sql,40,1,1
Ord_GetPOPendingForSR,MIFV2.dbo.Ord_GetPOPendingForSR,SQL Server Procedure,SQLScriptProcedure,SQL Server Procedure,D:\CAST\deploy\SCMProfit\main_sources\DB_Artifacts\DatabaseSchemaDDL.sql,48,1,1
SearchAllTables,MIFV2.dbo.SearchAllTables,SQL Server Procedure,SQLScriptProcedure,SQL Server Procedure,D:\CAST\deploy\SCMProfit\main_sources\DB_Artifacts\DatabaseSchemaDDL.sql,52,1,1
Ord_GetRejectedSR,MIFV2.dbo.Ord_GetRejectedSR,SQL Server Procedure,SQLScriptProcedure,SQL Server Procedure,D:\CAST\deploy\SCMProfit\main_sources\DB_Artifacts\DatabaseSchemaDDL.sql,37,1,1
SendEmail,MIFV2.dbo.SendEmail,SQL Server Procedure,SQLScriptProcedure,SQL Server Procedure,D:\CAST\deploy\SCMProfit\main_sources\DB_Artifacts\DatabaseSchemaDDL.sql,49,1,1
Bill_GetMultipleInvoiceDetail_Product,MIFV2.dbo.Bill_GetMultipleInvoiceDetail_Product,SQL Server Procedure,SQLScriptProcedure,SQL Server Procedure,D:\CAST\deploy\SCMProfit\main_sources\DB_Artifacts\DatabaseSchemaDDL.sql,81,27,27
Ast_VehicleRegister,MIFV2.dbo.Ast_VehicleRegister,SQL Server Procedure,SQLScriptProcedure,SQL Server Procedure,D:\CAST\deploy\SCMProfit\main_sources\DB_Artifacts\DatabaseSchemaDDL.sql,61,5,5
Bkg_GetJobProfitibility,MIFV2.dbo.Bkg_GetJobProfitibility,SQL Server Procedure,SQLScriptProcedure,SQL Server Procedure,D:\CAST\deploy\SCMProfit\main_sources\DB_Artifacts\DatabaseSchemaDDL.sql,152,9,9
