Name,Full Name,Object Type,Internal Type,Level,File Path,Line of code,Cyclomatic Complexity,Essential Complexity,Integration Complexity
Bill_GetInvoiceHeader,MIFV2.dbo.Bill_GetInvoiceHeader,SQL Server Procedure,SQLScriptProcedure,SQL Server Procedure,C:\ProgramData\CAST\AipConsole\AipNode\upload\SCMProfit\main_sources\db\DatabaseSchemaDDL.sql,154,14,14,14
Bill_GetInvoiceDetail,MIFV2.dbo.Bill_GetInvoiceDetail,SQL Server Procedure,SQLScriptProcedure,SQL Server Procedure,C:\ProgramData\CAST\AipConsole\AipNode\upload\SCMProfit\main_sources\db\DatabaseSchemaDDL.sql,84,10,10,10
Bill_GetInvoiceTaxDetails,MIFV2.dbo.Bill_GetInvoiceTaxDetails,SQL Server Procedure,SQLScriptProcedure,SQL Server Procedure,C:\ProgramData\CAST\AipConsole\AipNode\upload\SCMProfit\main_sources\db\DatabaseSchemaDDL.sql,22,1,1,1
fn_TimeZone,MIFV2.dbo.fn_TimeZone,SQL Server Function,SQLScriptFunction,SQL Server Function,C:\ProgramData\CAST\AipConsole\AipNode\upload\SCMProfit\main_sources\db\DatabaseSchemaDDL.sql,23,4,4,4
Client,MIFV2.dbo.Client,SQL Server Table,SQLScriptTable,SQL Server Table,"['C:\\ProgramData\\CAST\\AipConsole\\AipNode\\upload\\SCMProfit\\main_sources\\MIFV2LiveBranch_06Nov2018\\IdpV2\\Original\\IdpV2\\src\\Libraries\\Thinktecture.IdentityServer.Core.Repositories\\Migrations.SqlCe\\Sql\\201301011818314_InitialMigration.sql', 'C:\\ProgramData\\CAST\\AipConsole\\AipNode\\upload\\SCMProfit\\main_sources\\MIFV2LiveBranch_06Nov2018\\IdpV22\\src\\Libraries\\Thinktecture.IdentityServer.Core.Repositories\\Migrations.SqlServer\\Sql\\201301011810411_InitialMigration.sql', 'C:\\ProgramData\\CAST\\AipConsole\\AipNode\\upload\\SCMProfit\\main_sources\\MIFV2LiveBranch_06Nov2018\\IdpV2\\Original\\IdpV2\\src\\Libraries\\Thinktecture.IdentityServer.Core.Repositories\\Migrations.SqlServer\\Sql\\201301011810411_InitialMigration.sql', 'C:\\ProgramData\\CAST\\AipConsole\\AipNode\\upload\\SCMProfit\\main_sources\\MIFV2LiveBranch_06Nov2018\\IdpV22\\src\\Libraries\\Thinktecture.IdentityServer.Core.Repositories\\Migrations.SqlCe\\Sql\\201301011818314_InitialMigration.sql', 'C:\\ProgramData\\CAST\\AipConsole\\AipNode\\upload\\SCMProfit\\main_sources\\MIFV2LiveBranch_06Nov2018\\IdpV2\\src\\Libraries\\Thinktecture.IdentityServer.Core.Repositories\\Migrations.SqlServer\\Sql\\201301011810411_InitialMigration.sql', 'C:\\ProgramData\\CAST\\AipConsole\\AipNode\\upload\\SCMProfit\\main_sources\\MIFV2LiveBranch_06Nov2018\\IdpV2\\src\\Libraries\\Thinktecture.IdentityServer.Core.Repositories\\Migrations.SqlCe\\Sql\\201301011818314_InitialMigration.sql']",13,0,0,0
Sys_Service,MIFV2.dbo.Sys_Service,SQL Server Table,SQLScriptTable,SQL Server Table,C:\ProgramData\CAST\AipConsole\AipNode\upload\SCMProfit\main_sources\db\DatabaseSchemaDDL.sql,11,0,0,0
Sys_Timezone,MIFV2.dbo.Sys_Timezone,SQL Server Table,SQLScriptTable,SQL Server Table,C:\ProgramData\CAST\AipConsole\AipNode\upload\SCMProfit\main_sources\db\DatabaseSchemaDDL.sql,9,0,0,0
Cust_Office,MIFV2.dbo.Cust_Office,SQL Server Table,SQLScriptTable,SQL Server Table,C:\ProgramData\CAST\AipConsole\AipNode\upload\SCMProfit\main_sources\db\DatabaseSchemaDDL.sql,18,0,0,0
Cust_Vessel,MIFV2.dbo.Cust_Vessel,SQL Server Table,SQLScriptTable,SQL Server Table,C:\ProgramData\CAST\AipConsole\AipNode\upload\SCMProfit\main_sources\db\DatabaseSchemaDDL.sql,16,0,0,0
Sys_ShipmentMode,MIFV2.dbo.Sys_ShipmentMode,SQL Server Table,SQLScriptTable,SQL Server Table,C:\ProgramData\CAST\AipConsole\AipNode\upload\SCMProfit\main_sources\db\DatabaseSchemaDDL.sql,8,0,0,0
Bkg_BookingVehicle,MIFV2.dbo.Bkg_BookingVehicle,SQL Server Table,SQLScriptTable,SQL Server Table,C:\ProgramData\CAST\AipConsole\AipNode\upload\SCMProfit\main_sources\db\DatabaseSchemaDDL.sql,47,0,0,0
Admin_CustomerInfo,MIFV2.dbo.Admin_CustomerInfo,SQL Server Table,SQLScriptTable,SQL Server Table,C:\ProgramData\CAST\AipConsole\AipNode\upload\SCMProfit\main_sources\db\DatabaseSchemaDDL.sql,8,0,0,0
Cust_ClientLocationContact,MIFV2.dbo.Cust_ClientLocationContact,SQL Server Table,SQLScriptTable,SQL Server Table,C:\ProgramData\CAST\AipConsole\AipNode\upload\SCMProfit\main_sources\db\DatabaseSchemaDDL.sql,28,0,0,0
Sys_UOM,MIFV2.dbo.Sys_UOM,SQL Server Table,SQLScriptTable,SQL Server Table,C:\ProgramData\CAST\AipConsole\AipNode\upload\SCMProfit\main_sources\db\DatabaseSchemaDDL.sql,8,0,0,0
Bkg_BookingEquipment,MIFV2.dbo.Bkg_BookingEquipment,SQL Server Table,SQLScriptTable,SQL Server Table,C:\ProgramData\CAST\AipConsole\AipNode\upload\SCMProfit\main_sources\db\DatabaseSchemaDDL.sql,52,0,0,0
Bkg_PackageGroup,MIFV2.dbo.Bkg_PackageGroup,SQL Server Table,SQLScriptTable,SQL Server Table,C:\ProgramData\CAST\AipConsole\AipNode\upload\SCMProfit\main_sources\db\DatabaseSchemaDDL.sql,22,0,0,0
Cust_EquipmentSize,MIFV2.dbo.Cust_EquipmentSize,SQL Server Table,SQLScriptTable,SQL Server Table,C:\ProgramData\CAST\AipConsole\AipNode\upload\SCMProfit\main_sources\db\DatabaseSchemaDDL.sql,14,0,0,0
Bill_TaxCode,MIFV2.dbo.Bill_TaxCode,SQL Server Table,SQLScriptTable,SQL Server Table,C:\ProgramData\CAST\AipConsole\AipNode\upload\SCMProfit\main_sources\db\DatabaseSchemaDDL.sql,20,0,0,0
Sys_TransportationMode,MIFV2.dbo.Sys_TransportationMode,SQL Server Table,SQLScriptTable,SQL Server Table,C:\ProgramData\CAST\AipConsole\AipNode\upload\SCMProfit\main_sources\db\DatabaseSchemaDDL.sql,8,0,0,0
Sys_ServiceType,MIFV2.dbo.Sys_ServiceType,SQL Server Table,SQLScriptTable,SQL Server Table,C:\ProgramData\CAST\AipConsole\AipNode\upload\SCMProfit\main_sources\db\DatabaseSchemaDDL.sql,9,0,0,0
Sys_PartyTypes,MIFV2.dbo.Sys_PartyTypes,SQL Server Table,SQLScriptTable,SQL Server Table,C:\ProgramData\CAST\AipConsole\AipNode\upload\SCMProfit\main_sources\db\DatabaseSchemaDDL.sql,13,0,0,0
Cust_PartyOfficeVirtualAccountDetail,MIFV2.dbo.Cust_PartyOfficeVirtualAccountDetail,SQL Server Table,SQLScriptTable,SQL Server Table,C:\ProgramData\CAST\AipConsole\AipNode\upload\SCMProfit\main_sources\db\DatabaseSchemaDDL.sql,15,0,0,0
Cust_Bank,MIFV2.dbo.Cust_Bank,SQL Server Table,SQLScriptTable,SQL Server Table,C:\ProgramData\CAST\AipConsole\AipNode\upload\SCMProfit\main_sources\db\DatabaseSchemaDDL.sql,24,0,0,0
Cust_PartyLocation,MIFV2.dbo.Cust_PartyLocation,SQL Server Table,SQLScriptTable,SQL Server Table,C:\ProgramData\CAST\AipConsole\AipNode\upload\SCMProfit\main_sources\db\DatabaseSchemaDDL.sql,26,0,0,0
Bkg_BookingInfo,MIFV2.dbo.Bkg_BookingInfo,SQL Server Table,SQLScriptTable,SQL Server Table,C:\ProgramData\CAST\AipConsole\AipNode\upload\SCMProfit\main_sources\db\DatabaseSchemaDDL.sql,70,0,0,0
Bill_ChargeCode,MIFV2.dbo.Bill_ChargeCode,SQL Server Table,SQLScriptTable,SQL Server Table,C:\ProgramData\CAST\AipConsole\AipNode\upload\SCMProfit\main_sources\db\DatabaseSchemaDDL.sql,17,0,0,0
Cust_PartyContact,MIFV2.dbo.Cust_PartyContact,SQL Server Table,SQLScriptTable,SQL Server Table,C:\ProgramData\CAST\AipConsole\AipNode\upload\SCMProfit\main_sources\db\DatabaseSchemaDDL.sql,29,0,0,0
Sys_ShipmentType,MIFV2.dbo.Sys_ShipmentType,SQL Server Table,SQLScriptTable,SQL Server Table,C:\ProgramData\CAST\AipConsole\AipNode\upload\SCMProfit\main_sources\db\DatabaseSchemaDDL.sql,9,0,0,0
Sys_ChargeBasedOn,MIFV2.dbo.Sys_ChargeBasedOn,SQL Server Table,SQLScriptTable,SQL Server Table,C:\ProgramData\CAST\AipConsole\AipNode\upload\SCMProfit\main_sources\db\DatabaseSchemaDDL.sql,10,0,0,0
Cust_BillingProfileOfficeMap,MIFV2.dbo.Cust_BillingProfileOfficeMap,SQL Server Table,SQLScriptTable,SQL Server Table,C:\ProgramData\CAST\AipConsole\AipNode\upload\SCMProfit\main_sources\db\DatabaseSchemaDDL.sql,9,0,0,0
Cust_State,MIFV2.dbo.Cust_State,SQL Server Table,SQLScriptTable,SQL Server Table,C:\ProgramData\CAST\AipConsole\AipNode\upload\SCMProfit\main_sources\db\DatabaseSchemaDDL.sql,15,0,0,0
Cust_Company,MIFV2.dbo.Cust_Company,SQL Server Table,SQLScriptTable,SQL Server Table,C:\ProgramData\CAST\AipConsole\AipNode\upload\SCMProfit\main_sources\db\DatabaseSchemaDDL.sql,47,0,0,0
Cust_OfficeInfo,MIFV2.dbo.Cust_OfficeInfo,SQL Server Table,SQLScriptTable,SQL Server Table,C:\ProgramData\CAST\AipConsole\AipNode\upload\SCMProfit\main_sources\db\DatabaseSchemaDDL.sql,37,0,0,0
Admin_CustomerConfig,MIFV2.dbo.Admin_CustomerConfig,SQL Server Table,SQLScriptTable,SQL Server Table,C:\ProgramData\CAST\AipConsole\AipNode\upload\SCMProfit\main_sources\db\DatabaseSchemaDDL.sql,12,0,0,0
Bill_BillingChargeTaxDetail,MIFV2.dbo.Bill_BillingChargeTaxDetail,SQL Server Table,SQLScriptTable,SQL Server Table,C:\ProgramData\CAST\AipConsole\AipNode\upload\SCMProfit\main_sources\db\DatabaseSchemaDDL.sql,23,0,0,0
Cust_AddressType,MIFV2.dbo.Cust_AddressType,SQL Server Table,SQLScriptTable,SQL Server Table,C:\ProgramData\CAST\AipConsole\AipNode\upload\SCMProfit\main_sources\db\DatabaseSchemaDDL.sql,14,0,0,0
Bill_BillingDocumentHeader,MIFV2.dbo.Bill_BillingDocumentHeader,SQL Server Table,SQLScriptTable,SQL Server Table,C:\ProgramData\CAST\AipConsole\AipNode\upload\SCMProfit\main_sources\db\DatabaseSchemaDDL.sql,56,0,0,0
Cust_Location,MIFV2.dbo.Cust_Location,SQL Server Table,SQLScriptTable,SQL Server Table,C:\ProgramData\CAST\AipConsole\AipNode\upload\SCMProfit\main_sources\db\DatabaseSchemaDDL.sql,24,0,0,0
Cust_Users,MIFV2.dbo.Cust_Users,SQL Server Table,SQLScriptTable,SQL Server Table,C:\ProgramData\CAST\AipConsole\AipNode\upload\SCMProfit\main_sources\db\DatabaseSchemaDDL.sql,26,0,0,0
Sys_MovementType,MIFV2.dbo.Sys_MovementType,SQL Server Table,SQLScriptTable,SQL Server Table,C:\ProgramData\CAST\AipConsole\AipNode\upload\SCMProfit\main_sources\db\DatabaseSchemaDDL.sql,8,0,0,0
Sys_LocationType,MIFV2.dbo.Sys_LocationType,SQL Server Table,SQLScriptTable,SQL Server Table,C:\ProgramData\CAST\AipConsole\AipNode\upload\SCMProfit\main_sources\db\DatabaseSchemaDDL.sql,8,0,0,0
Sys_IncoTerms,MIFV2.dbo.Sys_IncoTerms,SQL Server Table,SQLScriptTable,SQL Server Table,C:\ProgramData\CAST\AipConsole\AipNode\upload\SCMProfit\main_sources\db\DatabaseSchemaDDL.sql,8,0,0,0
Cust_ClientLocation,MIFV2.dbo.Cust_ClientLocation,SQL Server Table,SQLScriptTable,SQL Server Table,C:\ProgramData\CAST\AipConsole\AipNode\upload\SCMProfit\main_sources\db\DatabaseSchemaDDL.sql,21,0,0,0
Bill_BillingChrgAllocDtl,MIFV2.dbo.Bill_BillingChrgAllocDtl,SQL Server Table,SQLScriptTable,SQL Server Table,C:\ProgramData\CAST\AipConsole\AipNode\upload\SCMProfit\main_sources\db\DatabaseSchemaDDL.sql,26,0,0,0
Bkg_BookingProcess,MIFV2.dbo.Bkg_BookingProcess,SQL Server Table,SQLScriptTable,SQL Server Table,C:\ProgramData\CAST\AipConsole\AipNode\upload\SCMProfit\main_sources\db\DatabaseSchemaDDL.sql,35,0,0,0
Sys_Process,MIFV2.dbo.Sys_Process,SQL Server Table,SQLScriptTable,SQL Server Table,C:\ProgramData\CAST\AipConsole\AipNode\upload\SCMProfit\main_sources\db\DatabaseSchemaDDL.sql,15,0,0,0
Cust_Resource,MIFV2.dbo.Cust_Resource,SQL Server Table,SQLScriptTable,SQL Server Table,C:\ProgramData\CAST\AipConsole\AipNode\upload\SCMProfit\main_sources\db\DatabaseSchemaDDL.sql,44,0,0,0
Bill_JobSheetCharge,MIFV2.dbo.Bill_JobSheetCharge,SQL Server Table,SQLScriptTable,SQL Server Table,C:\ProgramData\CAST\AipConsole\AipNode\upload\SCMProfit\main_sources\db\DatabaseSchemaDDL.sql,62,0,0,0
Cust_Clients,MIFV2.dbo.Cust_Clients,SQL Server Table,SQLScriptTable,SQL Server Table,C:\ProgramData\CAST\AipConsole\AipNode\upload\SCMProfit\main_sources\db\DatabaseSchemaDDL.sql,50,0,0,0
Bill_BillingDocumentDetail,MIFV2.dbo.Bill_BillingDocumentDetail,SQL Server Table,SQLScriptTable,SQL Server Table,C:\ProgramData\CAST\AipConsole\AipNode\upload\SCMProfit\main_sources\db\DatabaseSchemaDDL.sql,32,0,0,0
Bkg_BookingService,MIFV2.dbo.Bkg_BookingService,SQL Server Table,SQLScriptTable,SQL Server Table,C:\ProgramData\CAST\AipConsole\AipNode\upload\SCMProfit\main_sources\db\DatabaseSchemaDDL.sql,67,0,0,0
Contract_ContractInfo,MIFV2.dbo.Contract_ContractInfo,SQL Server Table,SQLScriptTable,SQL Server Table,C:\ProgramData\CAST\AipConsole\AipNode\upload\SCMProfit\main_sources\db\DatabaseSchemaDDL.sql,36,0,0,0
Air_AirProcess,MIFV2.dbo.Air_AirProcess,SQL Server Table,SQLScriptTable,SQL Server Table,C:\ProgramData\CAST\AipConsole\AipNode\upload\SCMProfit\main_sources\db\DatabaseSchemaDDL.sql,25,0,0,0
Road_RoadProcess,MIFV2.dbo.Road_RoadProcess,SQL Server Table,SQLScriptTable,SQL Server Table,C:\ProgramData\CAST\AipConsole\AipNode\upload\SCMProfit\main_sources\db\DatabaseSchemaDDL.sql,31,0,0,0
Sys_PaymentTerms,MIFV2.dbo.Sys_PaymentTerms,SQL Server Table,SQLScriptTable,SQL Server Table,C:\ProgramData\CAST\AipConsole\AipNode\upload\SCMProfit\main_sources\db\DatabaseSchemaDDL.sql,8,0,0,0
Cust_CoBrandingInfo,MIFV2.dbo.Cust_CoBrandingInfo,SQL Server Table,SQLScriptTable,SQL Server Table,C:\ProgramData\CAST\AipConsole\AipNode\upload\SCMProfit\main_sources\db\DatabaseSchemaDDL.sql,16,0,0,0
Cust_ClientParentGroup,MIFV2.dbo.Cust_ClientParentGroup,SQL Server Table,SQLScriptTable,SQL Server Table,C:\ProgramData\CAST\AipConsole\AipNode\upload\SCMProfit\main_sources\db\DatabaseSchemaDDL.sql,14,0,0,0
Cust_Equipment,MIFV2.dbo.Cust_Equipment,SQL Server Table,SQLScriptTable,SQL Server Table,C:\ProgramData\CAST\AipConsole\AipNode\upload\SCMProfit\main_sources\db\DatabaseSchemaDDL.sql,33,0,0,0
Cust_Currency,MIFV2.dbo.Cust_Currency,SQL Server Table,SQLScriptTable,SQL Server Table,C:\ProgramData\CAST\AipConsole\AipNode\upload\SCMProfit\main_sources\db\DatabaseSchemaDDL.sql,20,0,0,0
Bill_TaxCodeGroup,MIFV2.dbo.Bill_TaxCodeGroup,SQL Server Table,SQLScriptTable,SQL Server Table,C:\ProgramData\CAST\AipConsole\AipNode\upload\SCMProfit\main_sources\db\DatabaseSchemaDDL.sql,18,0,0,0
Cust_OfficeType,MIFV2.dbo.Cust_OfficeType,SQL Server Table,SQLScriptTable,SQL Server Table,C:\ProgramData\CAST\AipConsole\AipNode\upload\SCMProfit\main_sources\db\DatabaseSchemaDDL.sql,15,0,0,0
Bkg_ServiceTemplate,MIFV2.dbo.Bkg_ServiceTemplate,SQL Server Table,SQLScriptTable,SQL Server Table,C:\ProgramData\CAST\AipConsole\AipNode\upload\SCMProfit\main_sources\db\DatabaseSchemaDDL.sql,25,0,0,0
Sea_SeaProcess,MIFV2.dbo.Sea_SeaProcess,SQL Server Table,SQLScriptTable,SQL Server Table,C:\ProgramData\CAST\AipConsole\AipNode\upload\SCMProfit\main_sources\db\DatabaseSchemaDDL.sql,21,0,0,0
Sys_Language,MIFV2.dbo.Sys_Language,SQL Server Table,SQLScriptTable,SQL Server Table,C:\ProgramData\CAST\AipConsole\AipNode\upload\SCMProfit\main_sources\db\DatabaseSchemaDDL.sql,8,0,0,0
Cust_Party,MIFV2.dbo.Cust_Party,SQL Server Table,SQLScriptTable,SQL Server Table,C:\ProgramData\CAST\AipConsole\AipNode\upload\SCMProfit\main_sources\db\DatabaseSchemaDDL.sql,24,0,0,0
Cust_Country,MIFV2.dbo.Cust_Country,SQL Server Table,SQLScriptTable,SQL Server Table,C:\ProgramData\CAST\AipConsole\AipNode\upload\SCMProfit\main_sources\db\DatabaseSchemaDDL.sql,17,0,0,0
Cust_PrintingCode,MIFV2.dbo.Cust_PrintingCode,SQL Server Table,SQLScriptTable,SQL Server Table,C:\ProgramData\CAST\AipConsole\AipNode\upload\SCMProfit\main_sources\db\DatabaseSchemaDDL.sql,15,0,0,0
Cust_ServiceClass,MIFV2.dbo.Cust_ServiceClass,SQL Server Table,SQLScriptTable,SQL Server Table,C:\ProgramData\CAST\AipConsole\AipNode\upload\SCMProfit\main_sources\db\DatabaseSchemaDDL.sql,15,0,0,0
Sys_Continent,MIFV2.dbo.Sys_Continent,SQL Server Table,SQLScriptTable,SQL Server Table,C:\ProgramData\CAST\AipConsole\AipNode\upload\SCMProfit\main_sources\db\DatabaseSchemaDDL.sql,8,0,0,0
Cust_Theme,MIFV2.dbo.Cust_Theme,SQL Server Table,SQLScriptTable,SQL Server Table,C:\ProgramData\CAST\AipConsole\AipNode\upload\SCMProfit\main_sources\db\DatabaseSchemaDDL.sql,15,0,0,0
Cust_TaxType,MIFV2.dbo.Cust_TaxType,SQL Server Table,SQLScriptTable,SQL Server Table,C:\ProgramData\CAST\AipConsole\AipNode\upload\SCMProfit\main_sources\db\DatabaseSchemaDDL.sql,14,0,0,0
Cust_EquipmentTypes,MIFV2.dbo.Cust_EquipmentTypes,SQL Server Table,SQLScriptTable,SQL Server Table,C:\ProgramData\CAST\AipConsole\AipNode\upload\SCMProfit\main_sources\db\DatabaseSchemaDDL.sql,14,0,0,0
Cust_BillingProfile,MIFV2.dbo.Cust_BillingProfile,SQL Server Table,SQLScriptTable,SQL Server Table,C:\ProgramData\CAST\AipConsole\AipNode\upload\SCMProfit\main_sources\db\DatabaseSchemaDDL.sql,60,0,0,0
Bkg_BookingParty,MIFV2.dbo.Bkg_BookingParty,SQL Server Table,SQLScriptTable,SQL Server Table,C:\ProgramData\CAST\AipConsole\AipNode\upload\SCMProfit\main_sources\db\DatabaseSchemaDDL.sql,33,0,0,0
