Name,Full Name,Object Type,Internal Type,Level,File Path,Line of code,Cyclomatic Complexity,Essential Complexity,Integration Complexity
FN_CHECKDATEVALIDATION,MIFV2.dbo.FN_CHECKDATEVALIDATION,SQL Server Function,SQLScriptFunction,SQL Server Function,C:\ProgramData\CAST\AipConsole\AipNode\upload\SCMProfit\main_sources\db\DatabaseSchemaDDL.sql,42,3,3,3
fn_GetIndonesianMonthName,MIFV2.dbo.fn_GetIndonesianMonthName,SQL Server Function,SQLScriptFunction,SQL Server Function,C:\ProgramData\CAST\AipConsole\AipNode\upload\SCMProfit\main_sources\db\DatabaseSchemaDDL.sql,21,7,7,7
fn_WHGetPosition,MIFV2.dbo.fn_WHGetPosition,SQL Server Function,SQLScriptFunction,SQL Server Function,C:\ProgramData\CAST\AipConsole\AipNode\upload\SCMProfit\main_sources\db\DatabaseSchemaDDL.sql,28,2,2,2
FN_CALCULATEDURATION,MIFV2.dbo.FN_CALCULATEDURATION,SQL Server Function,SQLScriptFunction,SQL Server Function,C:\ProgramData\CAST\AipConsole\AipNode\upload\SCMProfit\main_sources\db\DatabaseSchemaDDL.sql,14,2,2,2
fnSplitJson2,MIFV2.dbo.fnSplitJson2,SQL Server Function,SQLScriptFunction,SQL Server Function,C:\ProgramData\CAST\AipConsole\AipNode\upload\SCMProfit\main_sources\db\DatabaseSchemaDDL.sql,341,97,97,97
