Name,Full Name,Object Type,Internal Type,Level,File Path,Line of code,Cyclomatic Complexity,Essential Complexity,Integration Complexity
ALLMIFOffice,MIFV2.dbo.ALLMIFOffice,SQL Server Table,SQLScriptTable,SQL Server Table,C:\ProgramData\CAST\AipConsole\AipNode\upload\SCMProfit\main_sources\db\DatabaseSchemaDDL.sql,4,0,0,0
Int_IntegrationBatchHeaderFiles_0810,MIFV2.dbo.Int_IntegrationBatchHeaderFiles_0810,SQL Server Table,SQLScriptTable,SQL Server Table,C:\ProgramData\CAST\AipConsole\AipNode\upload\SCMProfit\main_sources\db\DatabaseSchemaDDL.sql,10,0,0,0
Cust_ProcessActivityMap_20181024,MIFV2.dbo.Cust_ProcessActivityMap_20181024,SQL Server Table,SQLScriptTable,SQL Server Table,C:\ProgramData\CAST\AipConsole\AipNode\upload\SCMProfit\main_sources\db\DatabaseSchemaDDL.sql,10,0,0,0
Partyparty,MIFV2.dbo.Partyparty,SQL Server Table,SQLScriptTable,SQL Server Table,C:\ProgramData\CAST\AipConsole\AipNode\upload\SCMProfit\main_sources\db\DatabaseSchemaDDL.sql,4,0,0,0
Road_VehicleRouteTracking_20181024,MIFV2.dbo.Road_VehicleRouteTracking_20181024,SQL Server Table,SQLScriptTable,SQL Server Table,C:\ProgramData\CAST\AipConsole\AipNode\upload\SCMProfit\main_sources\db\DatabaseSchemaDDL.sql,32,0,0,0
Cust_ActiveSession_20181024,MIFV2.dbo.Cust_ActiveSession_20181024,SQL Server Table,SQLScriptTable,SQL Server Table,C:\ProgramData\CAST\AipConsole\AipNode\upload\SCMProfit\main_sources\db\DatabaseSchemaDDL.sql,18,0,0,0
Int_clientdetails,MIFV2.dbo.Int_clientdetails,SQL Server Table,SQLScriptTable,SQL Server Table,C:\ProgramData\CAST\AipConsole\AipNode\upload\SCMProfit\main_sources\db\DatabaseSchemaDDL.sql,25,0,0,0
Infra_SSISErrorLog,MIFV2.dbo.Infra_SSISErrorLog,SQL Server Table,SQLScriptTable,SQL Server Table,C:\ProgramData\CAST\AipConsole\AipNode\upload\SCMProfit\main_sources\db\DatabaseSchemaDDL.sql,10,0,0,0
Int_productclientofficedetails,MIFV2.dbo.Int_productclientofficedetails,SQL Server Table,SQLScriptTable,SQL Server Table,C:\ProgramData\CAST\AipConsole\AipNode\upload\SCMProfit\main_sources\db\DatabaseSchemaDDL.sql,9,0,0,0
Int_clientofficedetails,MIFV2.dbo.Int_clientofficedetails,SQL Server Table,SQLScriptTable,SQL Server Table,C:\ProgramData\CAST\AipConsole\AipNode\upload\SCMProfit\main_sources\db\DatabaseSchemaDDL.sql,8,0,0,0
Def_Vessel,MIFV2.dbo.Def_Vessel,SQL Server Table,SQLScriptTable,SQL Server Table,C:\ProgramData\CAST\AipConsole\AipNode\upload\SCMProfit\main_sources\db\DatabaseSchemaDDL.sql,9,0,0,0
Bkg_BookingService_20181024,MIFV2.dbo.Bkg_BookingService_20181024,SQL Server Table,SQLScriptTable,SQL Server Table,C:\ProgramData\CAST\AipConsole\AipNode\upload\SCMProfit\main_sources\db\DatabaseSchemaDDL.sql,67,0,0,0
Bkg_CKBMPS,MIFV2.dbo.Bkg_CKBMPS,SQL Server Table,SQLScriptTable,SQL Server Table,C:\ProgramData\CAST\AipConsole\AipNode\upload\SCMProfit\main_sources\db\DatabaseSchemaDDL.sql,19,0,0,0
tempInvoiceList,MIFV2.dbo.tempInvoiceList,SQL Server Table,SQLScriptTable,SQL Server Table,C:\ProgramData\CAST\AipConsole\AipNode\upload\SCMProfit\main_sources\db\DatabaseSchemaDDL.sql,5,0,0,0
__MigrationHistory,MIFV2.dbo.__MigrationHistory,SQL Server Table,SQLScriptTable,SQL Server Table,"['C:\\ProgramData\\CAST\\AipConsole\\AipNode\\upload\\SCMProfit\\main_sources\\MIFV2LiveBranch_06Nov2018\\IdpV22\\src\\Libraries\\Thinktecture.IdentityServer.Core.Repositories\\Migrations.SqlServer\\Sql\\201301011810411_InitialMigration.sql', 'C:\\ProgramData\\CAST\\AipConsole\\AipNode\\upload\\SCMProfit\\main_sources\\MIFV2LiveBranch_06Nov2018\\IdpV22\\src\\Libraries\\Thinktecture.IdentityServer.Core.Repositories\\Migrations.SqlCe\\Sql\\201301011818314_InitialMigration.sql', 'C:\\ProgramData\\CAST\\AipConsole\\AipNode\\upload\\SCMProfit\\main_sources\\MIFV2LiveBranch_06Nov2018\\IdpV2\\src\\Libraries\\Thinktecture.IdentityServer.Core.Repositories\\Migrations.SqlCe\\Sql\\201301011818314_InitialMigration.sql', 'C:\\ProgramData\\CAST\\AipConsole\\AipNode\\upload\\SCMProfit\\main_sources\\MIFV2LiveBranch_06Nov2018\\IdpV2\\Original\\IdpV2\\src\\Libraries\\Thinktecture.IdentityServer.Core.Repositories\\Migrations.SqlServer\\Sql\\201301011810411_InitialMigration.sql', 'C:\\ProgramData\\CAST\\AipConsole\\AipNode\\upload\\SCMProfit\\main_sources\\MIFV2LiveBranch_06Nov2018\\IdpV2\\Original\\IdpV2\\src\\Libraries\\Thinktecture.IdentityServer.Core.Repositories\\Migrations.SqlCe\\Sql\\201301011818314_InitialMigration.sql', 'C:\\ProgramData\\CAST\\AipConsole\\AipNode\\upload\\SCMProfit\\main_sources\\MIFV2LiveBranch_06Nov2018\\IdpV2\\src\\Libraries\\Thinktecture.IdentityServer.Core.Repositories\\Migrations.SqlServer\\Sql\\201301011810411_InitialMigration.sql']",0,0,0,0
Deadlockresulttemp,MIFV2.dbo.Deadlockresulttemp,SQL Server Table,SQLScriptTable,SQL Server Table,C:\ProgramData\CAST\AipConsole\AipNode\upload\SCMProfit\main_sources\db\DatabaseSchemaDDL.sql,4,0,0,0
Int_servicetemplateclientoffice,MIFV2.dbo.Int_servicetemplateclientoffice,SQL Server Table,SQLScriptTable,SQL Server Table,C:\ProgramData\CAST\AipConsole\AipNode\upload\SCMProfit\main_sources\db\DatabaseSchemaDDL.sql,9,0,0,0
Int_IntegrationBatchDetail_0810,MIFV2.dbo.Int_IntegrationBatchDetail_0810,SQL Server Table,SQLScriptTable,SQL Server Table,C:\ProgramData\CAST\AipConsole\AipNode\upload\SCMProfit\main_sources\db\DatabaseSchemaDDL.sql,14,0,0,0
Cust_PartyOfficeDetail_20181024,MIFV2.dbo.Cust_PartyOfficeDetail_20181024,SQL Server Table,SQLScriptTable,SQL Server Table,C:\ProgramData\CAST\AipConsole\AipNode\upload\SCMProfit\main_sources\db\DatabaseSchemaDDL.sql,38,0,0,0
Temp_Invoice,MIFV2.dbo.Temp_Invoice,SQL Server Table,SQLScriptTable,SQL Server Table,C:\ProgramData\CAST\AipConsole\AipNode\upload\SCMProfit\main_sources\db\DatabaseSchemaDDL.sql,6,0,0,0
REPMON,MIFV2.dbo.REPMON,SQL Server Table,SQLScriptTable,SQL Server Table,C:\ProgramData\CAST\AipConsole\AipNode\upload\SCMProfit\main_sources\db\DatabaseSchemaDDL.sql,5,0,0,0
Def_OfficeType,MIFV2.dbo.Def_OfficeType,SQL Server Table,SQLScriptTable,SQL Server Table,C:\ProgramData\CAST\AipConsole\AipNode\upload\SCMProfit\main_sources\db\DatabaseSchemaDDL.sql,7,0,0,0
Cust_PartyContact_20181025,MIFV2.dbo.Cust_PartyContact_20181025,SQL Server Table,SQLScriptTable,SQL Server Table,C:\ProgramData\CAST\AipConsole\AipNode\upload\SCMProfit\main_sources\db\DatabaseSchemaDDL.sql,29,0,0,0
Cust_EntitySequenceInfo_20181024,MIFV2.dbo.Cust_EntitySequenceInfo_20181024,SQL Server Table,SQLScriptTable,SQL Server Table,C:\ProgramData\CAST\AipConsole\AipNode\upload\SCMProfit\main_sources\db\DatabaseSchemaDDL.sql,16,0,0,0
Int_debtorvendorofficedetails,MIFV2.dbo.Int_debtorvendorofficedetails,SQL Server Table,SQLScriptTable,SQL Server Table,C:\ProgramData\CAST\AipConsole\AipNode\upload\SCMProfit\main_sources\db\DatabaseSchemaDDL.sql,15,0,0,0
Int_IntegrationBatchHist_0810,MIFV2.dbo.Int_IntegrationBatchHist_0810,SQL Server Table,SQLScriptTable,SQL Server Table,C:\ProgramData\CAST\AipConsole\AipNode\upload\SCMProfit\main_sources\db\DatabaseSchemaDDL.sql,12,0,0,0
Int_IntegrationBatchHeader_0810,MIFV2.dbo.Int_IntegrationBatchHeader_0810,SQL Server Table,SQLScriptTable,SQL Server Table,C:\ProgramData\CAST\AipConsole\AipNode\upload\SCMProfit\main_sources\db\DatabaseSchemaDDL.sql,18,0,0,0
temo30102017,MIFV2.dbo.temo30102017,SQL Server Table,SQLScriptTable,SQL Server Table,C:\ProgramData\CAST\AipConsole\AipNode\upload\SCMProfit\main_sources\db\DatabaseSchemaDDL.sql,25,0,0,0
TempMapMain,MIFV2.dbo.TempMapMain,SQL Server Table,SQLScriptTable,SQL Server Table,C:\ProgramData\CAST\AipConsole\AipNode\upload\SCMProfit\main_sources\db\DatabaseSchemaDDL.sql,7,0,0,0
Bill_ChargeCodeOfficeTaxMap_20181024,MIFV2.dbo.Bill_ChargeCodeOfficeTaxMap_20181024,SQL Server Table,SQLScriptTable,SQL Server Table,C:\ProgramData\CAST\AipConsole\AipNode\upload\SCMProfit\main_sources\db\DatabaseSchemaDDL.sql,11,0,0,0
Bill_ChargeCodeOfficeMap_20181024,MIFV2.dbo.Bill_ChargeCodeOfficeMap_20181024,SQL Server Table,SQLScriptTable,SQL Server Table,C:\ProgramData\CAST\AipConsole\AipNode\upload\SCMProfit\main_sources\db\DatabaseSchemaDDL.sql,28,0,0,0
INT_EXCHANGERATECLIENTOFFICE,MIFV2.dbo.INT_EXCHANGERATECLIENTOFFICE,SQL Server Table,SQLScriptTable,SQL Server Table,C:\ProgramData\CAST\AipConsole\AipNode\upload\SCMProfit\main_sources\db\DatabaseSchemaDDL.sql,11,0,0,0
Cust_ResOfficeResFuncMap_20181024,MIFV2.dbo.Cust_ResOfficeResFuncMap_20181024,SQL Server Table,SQLScriptTable,SQL Server Table,C:\ProgramData\CAST\AipConsole\AipNode\upload\SCMProfit\main_sources\db\DatabaseSchemaDDL.sql,10,0,0,0
Int_reasonmaster,MIFV2.dbo.Int_reasonmaster,SQL Server Table,SQLScriptTable,SQL Server Table,C:\ProgramData\CAST\AipConsole\AipNode\upload\SCMProfit\main_sources\db\DatabaseSchemaDDL.sql,9,0,0,0
cust_office_20181024,MIFV2.dbo.cust_office_20181024,SQL Server Table,SQLScriptTable,SQL Server Table,C:\ProgramData\CAST\AipConsole\AipNode\upload\SCMProfit\main_sources\db\DatabaseSchemaDDL.sql,18,0,0,0
temp32,MIFV2.dbo.temp32,SQL Server Table,SQLScriptTable,SQL Server Table,C:\ProgramData\CAST\AipConsole\AipNode\upload\SCMProfit\main_sources\db\DatabaseSchemaDDL.sql,11,0,0,0
Int_CompanyDetails,MIFV2.dbo.Int_CompanyDetails,SQL Server Table,SQLScriptTable,SQL Server Table,C:\ProgramData\CAST\AipConsole\AipNode\upload\SCMProfit\main_sources\db\DatabaseSchemaDDL.sql,26,0,0,0
Int_officedetails,MIFV2.dbo.Int_officedetails,SQL Server Table,SQLScriptTable,SQL Server Table,C:\ProgramData\CAST\AipConsole\AipNode\upload\SCMProfit\main_sources\db\DatabaseSchemaDDL.sql,31,0,0,0
WH_JobSummaryHeader7082018,MIFV2.dbo.WH_JobSummaryHeader7082018,SQL Server Table,SQLScriptTable,SQL Server Table,C:\ProgramData\CAST\AipConsole\AipNode\upload\SCMProfit\main_sources\db\DatabaseSchemaDDL.sql,35,0,0,0
Contract_ContractInfoOfficeMap_20181024,MIFV2.dbo.Contract_ContractInfoOfficeMap_20181024,SQL Server Table,SQLScriptTable,SQL Server Table,C:\ProgramData\CAST\AipConsole\AipNode\upload\SCMProfit\main_sources\db\DatabaseSchemaDDL.sql,8,0,0,0
Int_IntegrationBatchHist_Archive_Monthly,MIFV2.dbo.Int_IntegrationBatchHist_Archive_Monthly,SQL Server Table,SQLScriptTable,SQL Server Table,C:\ProgramData\CAST\AipConsole\AipNode\upload\SCMProfit\main_sources\db\DatabaseSchemaDDL.sql,12,0,0,0
Int_contractupload,MIFV2.dbo.Int_contractupload,SQL Server Table,SQLScriptTable,SQL Server Table,"['C:\\ProgramData\\CAST\\AipConsole\\AipNode\\upload\\SCMProfit\\main_sources\\db\\DatabaseSchemaDDL.sql', 'C:\\ProgramData\\CAST\\AipConsole\\AipNode\\upload\\SCMProfit\\main_sources\\MIFV2LiveBranch_06Nov2018\\SysIntegration\\SSIS\\Master Upload SSIS packages\\Version2-Cheetah\\database Scripts.sql']",0,0,0,0
Int_partyclientofficedetails,MIFV2.dbo.Int_partyclientofficedetails,SQL Server Table,SQLScriptTable,SQL Server Table,C:\ProgramData\CAST\AipConsole\AipNode\upload\SCMProfit\main_sources\db\DatabaseSchemaDDL.sql,15,0,0,0
Def_Location,MIFV2.dbo.Def_Location,SQL Server Table,SQLScriptTable,SQL Server Table,C:\ProgramData\CAST\AipConsole\AipNode\upload\SCMProfit\main_sources\db\DatabaseSchemaDDL.sql,15,0,0,0
Int_partybasic,MIFV2.dbo.Int_partybasic,SQL Server Table,SQLScriptTable,SQL Server Table,C:\ProgramData\CAST\AipConsole\AipNode\upload\SCMProfit\main_sources\db\DatabaseSchemaDDL.sql,26,0,0,0
Cust_CustomerReportsRoleMap_20181024,MIFV2.dbo.Cust_CustomerReportsRoleMap_20181024,SQL Server Table,SQLScriptTable,SQL Server Table,C:\ProgramData\CAST\AipConsole\AipNode\upload\SCMProfit\main_sources\db\DatabaseSchemaDDL.sql,13,0,0,0
HistoricalRecords,MIFV2.dbo.HistoricalRecords,SQL Server Table,SQLScriptTable,SQL Server Table,C:\ProgramData\CAST\AipConsole\AipNode\upload\SCMProfit\main_sources\db\DatabaseSchemaDDL.sql,6,0,0,0
Bkg_ServiceTemplateActivityMap_20181024,MIFV2.dbo.Bkg_ServiceTemplateActivityMap_20181024,SQL Server Table,SQLScriptTable,SQL Server Table,C:\ProgramData\CAST\AipConsole\AipNode\upload\SCMProfit\main_sources\db\DatabaseSchemaDDL.sql,15,0,0,0
Wh_InventoryTrailHistorical_31may,MIFV2.dbo.Wh_InventoryTrailHistorical_31may,SQL Server Table,SQLScriptTable,SQL Server Table,C:\ProgramData\CAST\AipConsole\AipNode\upload\SCMProfit\main_sources\db\DatabaseSchemaDDL.sql,12,0,0,0
Bill_JobSheetCharge_20181024,MIFV2.dbo.Bill_JobSheetCharge_20181024,SQL Server Table,SQLScriptTable,SQL Server Table,C:\ProgramData\CAST\AipConsole\AipNode\upload\SCMProfit\main_sources\db\DatabaseSchemaDDL.sql,62,0,0,0
Wh_InventoryHistoryHistorical_31may,MIFV2.dbo.Wh_InventoryHistoryHistorical_31may,SQL Server Table,SQLScriptTable,SQL Server Table,C:\ProgramData\CAST\AipConsole\AipNode\upload\SCMProfit\main_sources\db\DatabaseSchemaDDL.sql,40,0,0,0
int_integrationconfig_02Jul2020,MIFV2.dbo.int_integrationconfig_02Jul2020,SQL Server Table,SQLScriptTable,SQL Server Table,C:\ProgramData\CAST\AipConsole\AipNode\upload\SCMProfit\main_sources\db\DatabaseSchemaDDL.sql,38,0,0,0
Int_productbasic,MIFV2.dbo.Int_productbasic,SQL Server Table,SQLScriptTable,SQL Server Table,C:\ProgramData\CAST\AipConsole\AipNode\upload\SCMProfit\main_sources\db\DatabaseSchemaDDL.sql,49,0,0,0
Tempdata_V,MIFV2.dbo.Tempdata_V,SQL Server Table,SQLScriptTable,SQL Server Table,C:\ProgramData\CAST\AipConsole\AipNode\upload\SCMProfit\main_sources\db\DatabaseSchemaDDL.sql,6,0,0,0
Int_ProdBillOfmaterial,MIFV2.dbo.Int_ProdBillOfmaterial,SQL Server Table,SQLScriptTable,SQL Server Table,C:\ProgramData\CAST\AipConsole\AipNode\upload\SCMProfit\main_sources\db\DatabaseSchemaDDL.sql,17,0,0,0
Bkg_CKBCase,MIFV2.dbo.Bkg_CKBCase,SQL Server Table,SQLScriptTable,SQL Server Table,C:\ProgramData\CAST\AipConsole\AipNode\upload\SCMProfit\main_sources\db\DatabaseSchemaDDL.sql,20,0,0,0
wh_release1109,MIFV2.dbo.wh_release1109,SQL Server Table,SQLScriptTable,SQL Server Table,C:\ProgramData\CAST\AipConsole\AipNode\upload\SCMProfit\main_sources\db\DatabaseSchemaDDL.sql,27,0,0,0
Cust_ResourceOfficeMap_20181024,MIFV2.dbo.Cust_ResourceOfficeMap_20181024,SQL Server Table,SQLScriptTable,SQL Server Table,C:\ProgramData\CAST\AipConsole\AipNode\upload\SCMProfit\main_sources\db\DatabaseSchemaDDL.sql,14,0,0,0
temp_reference,MIFV2.dbo.temp_reference,SQL Server Table,SQLScriptTable,SQL Server Table,C:\ProgramData\CAST\AipConsole\AipNode\upload\SCMProfit\main_sources\db\DatabaseSchemaDDL.sql,4,0,0,0
Cust_Resource_20181024,MIFV2.dbo.Cust_Resource_20181024,SQL Server Table,SQLScriptTable,SQL Server Table,C:\ProgramData\CAST\AipConsole\AipNode\upload\SCMProfit\main_sources\db\DatabaseSchemaDDL.sql,44,0,0,0
Bill_TaxCodeOfficeMap_20181024,MIFV2.dbo.Bill_TaxCodeOfficeMap_20181024,SQL Server Table,SQLScriptTable,SQL Server Table,C:\ProgramData\CAST\AipConsole\AipNode\upload\SCMProfit\main_sources\db\DatabaseSchemaDDL.sql,11,0,0,0
wh_InventoryItemHistorical_31may,MIFV2.dbo.wh_InventoryItemHistorical_31may,SQL Server Table,SQLScriptTable,SQL Server Table,C:\ProgramData\CAST\AipConsole\AipNode\upload\SCMProfit\main_sources\db\DatabaseSchemaDDL.sql,65,0,0,0
Int_TransitTime,MIFV2.dbo.Int_TransitTime,SQL Server Table,SQLScriptTable,SQL Server Table,C:\ProgramData\CAST\AipConsole\AipNode\upload\SCMProfit\main_sources\db\DatabaseSchemaDDL.sql,16,0,0,0
temp_refer43,MIFV2.dbo.temp_refer43,SQL Server Table,SQLScriptTable,SQL Server Table,C:\ProgramData\CAST\AipConsole\AipNode\upload\SCMProfit\main_sources\db\DatabaseSchemaDDL.sql,4,0,0,0
INT_EXCHANGERATEMASTER,MIFV2.dbo.INT_EXCHANGERATEMASTER,SQL Server Table,SQLScriptTable,SQL Server Table,C:\ProgramData\CAST\AipConsole\AipNode\upload\SCMProfit\main_sources\db\DatabaseSchemaDDL.sql,13,0,0,0
temp_refid37,MIFV2.dbo.temp_refid37,SQL Server Table,SQLScriptTable,SQL Server Table,C:\ProgramData\CAST\AipConsole\AipNode\upload\SCMProfit\main_sources\db\DatabaseSchemaDDL.sql,4,0,0,0
Backupindex,MIFV2.dbo.Backupindex,SQL Server Table,SQLScriptTable,SQL Server Table,C:\ProgramData\CAST\AipConsole\AipNode\upload\SCMProfit\main_sources\db\DatabaseSchemaDDL.sql,11,0,0,0
Cust_RoleUserMap_20181024,MIFV2.dbo.Cust_RoleUserMap_20181024,SQL Server Table,SQLScriptTable,SQL Server Table,C:\ProgramData\CAST\AipConsole\AipNode\upload\SCMProfit\main_sources\db\DatabaseSchemaDDL.sql,15,0,0,0
Int_LocationMaster,MIFV2.dbo.Int_LocationMaster,SQL Server Table,SQLScriptTable,SQL Server Table,C:\ProgramData\CAST\AipConsole\AipNode\upload\SCMProfit\main_sources\db\DatabaseSchemaDDL.sql,16,0,0,0
Cust_Location_20181024,MIFV2.dbo.Cust_Location_20181024,SQL Server Table,SQLScriptTable,SQL Server Table,C:\ProgramData\CAST\AipConsole\AipNode\upload\SCMProfit\main_sources\db\DatabaseSchemaDDL.sql,24,0,0,0
ProductProfileWarehouseMap,MIFV2.dbo.ProductProfileWarehouseMap,SQL Server Table,SQLScriptTable,SQL Server Table,C:\ProgramData\CAST\AipConsole\AipNode\upload\SCMProfit\main_sources\db\DatabaseSchemaDDL.sql,4,0,0,0
Int_contractuploadoffice,MIFV2.dbo.Int_contractuploadoffice,SQL Server Table,SQLScriptTable,SQL Server Table,C:\ProgramData\CAST\AipConsole\AipNode\upload\SCMProfit\main_sources\db\DatabaseSchemaDDL.sql,8,0,0,0
Int_partyofficelicensedetails,MIFV2.dbo.Int_partyofficelicensedetails,SQL Server Table,SQLScriptTable,SQL Server Table,C:\ProgramData\CAST\AipConsole\AipNode\upload\SCMProfit\main_sources\db\DatabaseSchemaDDL.sql,10,0,0,0
Contract_BookingMargin_20181024,MIFV2.dbo.Contract_BookingMargin_20181024,SQL Server Table,SQLScriptTable,SQL Server Table,C:\ProgramData\CAST\AipConsole\AipNode\upload\SCMProfit\main_sources\db\DatabaseSchemaDDL.sql,27,0,0,0
Cust_OfficeDisplaySetting_20181024,MIFV2.dbo.Cust_OfficeDisplaySetting_20181024,SQL Server Table,SQLScriptTable,SQL Server Table,C:\ProgramData\CAST\AipConsole\AipNode\upload\SCMProfit\main_sources\db\DatabaseSchemaDDL.sql,19,0,0,0
Def_ProductCategory,MIFV2.dbo.Def_ProductCategory,SQL Server Table,SQLScriptTable,SQL Server Table,C:\ProgramData\CAST\AipConsole\AipNode\upload\SCMProfit\main_sources\db\DatabaseSchemaDDL.sql,7,0,0,0
Int_ApiConnectorConfig_02Jul2020,MIFV2.dbo.Int_ApiConnectorConfig_02Jul2020,SQL Server Table,SQLScriptTable,SQL Server Table,C:\ProgramData\CAST\AipConsole\AipNode\upload\SCMProfit\main_sources\db\DatabaseSchemaDDL.sql,14,0,0,0
int_resourceclientofficedetails,MIFV2.dbo.int_resourceclientofficedetails,SQL Server Table,SQLScriptTable,SQL Server Table,C:\ProgramData\CAST\AipConsole\AipNode\upload\SCMProfit\main_sources\db\DatabaseSchemaDDL.sql,11,0,0,0
Int_chargedetails,MIFV2.dbo.Int_chargedetails,SQL Server Table,SQLScriptTable,SQL Server Table,C:\ProgramData\CAST\AipConsole\AipNode\upload\SCMProfit\main_sources\db\DatabaseSchemaDDL.sql,23,0,0,0
Cust_ExtensionFields_06Jul2020,MIFV2.dbo.Cust_ExtensionFields_06Jul2020,SQL Server Table,SQLScriptTable,SQL Server Table,C:\ProgramData\CAST\AipConsole\AipNode\upload\SCMProfit\main_sources\db\DatabaseSchemaDDL.sql,14,0,0,0
DatabaseGrowth,MIFV2.dbo.DatabaseGrowth,SQL Server Table,SQLScriptTable,SQL Server Table,C:\ProgramData\CAST\AipConsole\AipNode\upload\SCMProfit\main_sources\db\DatabaseSchemaDDL.sql,16,0,0,0
Cust_ClientOfficeResourceMap_20181024,MIFV2.dbo.Cust_ClientOfficeResourceMap_20181024,SQL Server Table,SQLScriptTable,SQL Server Table,C:\ProgramData\CAST\AipConsole\AipNode\upload\SCMProfit\main_sources\db\DatabaseSchemaDDL.sql,15,0,0,0
Def_Theme,MIFV2.dbo.Def_Theme,SQL Server Table,SQLScriptTable,SQL Server Table,C:\ProgramData\CAST\AipConsole\AipNode\upload\SCMProfit\main_sources\db\DatabaseSchemaDDL.sql,8,0,0,0
Bkg_BookingInfo_20181024,MIFV2.dbo.Bkg_BookingInfo_20181024,SQL Server Table,SQLScriptTable,SQL Server Table,C:\ProgramData\CAST\AipConsole\AipNode\upload\SCMProfit\main_sources\db\DatabaseSchemaDDL.sql,70,0,0,0
Bkg_BookingActivity_20181024,MIFV2.dbo.Bkg_BookingActivity_20181024,SQL Server Table,SQLScriptTable,SQL Server Table,C:\ProgramData\CAST\AipConsole\AipNode\upload\SCMProfit\main_sources\db\DatabaseSchemaDDL.sql,40,0,0,0
Cust_ClientOfficeMap_20181024,MIFV2.dbo.Cust_ClientOfficeMap_20181024,SQL Server Table,SQLScriptTable,SQL Server Table,C:\ProgramData\CAST\AipConsole\AipNode\upload\SCMProfit\main_sources\db\DatabaseSchemaDDL.sql,44,0,0,0
Partyvendor,MIFV2.dbo.Partyvendor,SQL Server Table,SQLScriptTable,SQL Server Table,C:\ProgramData\CAST\AipConsole\AipNode\upload\SCMProfit\main_sources\db\DatabaseSchemaDDL.sql,4,0,0,0
Int_resourcebasic,MIFV2.dbo.Int_resourcebasic,SQL Server Table,SQLScriptTable,SQL Server Table,C:\ProgramData\CAST\AipConsole\AipNode\upload\SCMProfit\main_sources\db\DatabaseSchemaDDL.sql,27,0,0,0
Wh_QuickSuggestionHelper,MIFV2.dbo.Wh_QuickSuggestionHelper,SQL Server Table,SQLScriptTable,SQL Server Table,C:\ProgramData\CAST\AipConsole\AipNode\upload\SCMProfit\main_sources\db\DatabaseSchemaDDL.sql,6,0,0,0
cust_product_040517,MIFV2.dbo.cust_product_040517,SQL Server Table,SQLScriptTable,SQL Server Table,C:\ProgramData\CAST\AipConsole\AipNode\upload\SCMProfit\main_sources\db\DatabaseSchemaDDL.sql,69,0,0,0
Cust_Party_20181024,MIFV2.dbo.Cust_Party_20181024,SQL Server Table,SQLScriptTable,SQL Server Table,C:\ProgramData\CAST\AipConsole\AipNode\upload\SCMProfit\main_sources\db\DatabaseSchemaDDL.sql,24,0,0,0
Wh_InvBreakdownHistorical_31may,MIFV2.dbo.Wh_InvBreakdownHistorical_31may,SQL Server Table,SQLScriptTable,SQL Server Table,C:\ProgramData\CAST\AipConsole\AipNode\upload\SCMProfit\main_sources\db\DatabaseSchemaDDL.sql,25,0,0,0
Int_activitybasic,MIFV2.dbo.Int_activitybasic,SQL Server Table,SQLScriptTable,SQL Server Table,C:\ProgramData\CAST\AipConsole\AipNode\upload\SCMProfit\main_sources\db\DatabaseSchemaDDL.sql,13,0,0,0
Def_Product,MIFV2.dbo.Def_Product,SQL Server Table,SQLScriptTable,SQL Server Table,C:\ProgramData\CAST\AipConsole\AipNode\upload\SCMProfit\main_sources\db\DatabaseSchemaDDL.sql,9,0,0,0
Cust_Activity_20181024,MIFV2.dbo.Cust_Activity_20181024,SQL Server Table,SQLScriptTable,SQL Server Table,C:\ProgramData\CAST\AipConsole\AipNode\upload\SCMProfit\main_sources\db\DatabaseSchemaDDL.sql,25,0,0,0
Cust_PartyContact_delete,MIFV2.dbo.Cust_PartyContact_delete,SQL Server Table,SQLScriptTable,SQL Server Table,C:\ProgramData\CAST\AipConsole\AipNode\upload\SCMProfit\main_sources\db\DatabaseSchemaDDL.sql,4,0,0,0
Int_IntegrationBatchHeader_Archive_Monthly,MIFV2.dbo.Int_IntegrationBatchHeader_Archive_Monthly,SQL Server Table,SQLScriptTable,SQL Server Table,C:\ProgramData\CAST\AipConsole\AipNode\upload\SCMProfit\main_sources\db\DatabaseSchemaDDL.sql,18,0,0,0
Int_partialcontractupload,MIFV2.dbo.Int_partialcontractupload,SQL Server Table,SQLScriptTable,SQL Server Table,C:\ProgramData\CAST\AipConsole\AipNode\upload\SCMProfit\main_sources\db\DatabaseSchemaDDL.sql,21,0,0,0
Int_activityclientdetails,MIFV2.dbo.Int_activityclientdetails,SQL Server Table,SQLScriptTable,SQL Server Table,C:\ProgramData\CAST\AipConsole\AipNode\upload\SCMProfit\main_sources\db\DatabaseSchemaDDL.sql,8,0,0,0
v2wrongdata,MIFV2.dbo.v2wrongdata,SQL Server Table,SQLScriptTable,SQL Server Table,C:\ProgramData\CAST\AipConsole\AipNode\upload\SCMProfit\main_sources\db\DatabaseSchemaDDL.sql,8,0,0,0
Int_servicetemplatebasic,MIFV2.dbo.Int_servicetemplatebasic,SQL Server Table,SQLScriptTable,SQL Server Table,C:\ProgramData\CAST\AipConsole\AipNode\upload\SCMProfit\main_sources\db\DatabaseSchemaDDL.sql,32,0,0,0
Cust_Location_31Jul2020,MIFV2.dbo.Cust_Location_31Jul2020,SQL Server Table,SQLScriptTable,SQL Server Table,C:\ProgramData\CAST\AipConsole\AipNode\upload\SCMProfit\main_sources\db\DatabaseSchemaDDL.sql,24,0,0,0
Int_ProdPackStructure,MIFV2.dbo.Int_ProdPackStructure,SQL Server Table,SQLScriptTable,SQL Server Table,C:\ProgramData\CAST\AipConsole\AipNode\upload\SCMProfit\main_sources\db\DatabaseSchemaDDL.sql,22,0,0,0
Sys_SystemExtensions_02Jul2020,MIFV2.dbo.Sys_SystemExtensions_02Jul2020,SQL Server Table,SQLScriptTable,SQL Server Table,C:\ProgramData\CAST\AipConsole\AipNode\upload\SCMProfit\main_sources\db\DatabaseSchemaDDL.sql,11,0,0,0
v2test,MIFV2.dbo.v2test,SQL Server Table,SQLScriptTable,SQL Server Table,C:\ProgramData\CAST\AipConsole\AipNode\upload\SCMProfit\main_sources\db\DatabaseSchemaDDL.sql,5,0,0,0
Cust_ProductPackageStructre2410,MIFV2.dbo.Cust_ProductPackageStructre2410,SQL Server Table,SQLScriptTable,SQL Server Table,C:\ProgramData\CAST\AipConsole\AipNode\upload\SCMProfit\main_sources\db\DatabaseSchemaDDL.sql,28,0,0,0
Wh_InventoryItem_19112017,MIFV2.dbo.Wh_InventoryItem_19112017,SQL Server Table,SQLScriptTable,SQL Server Table,C:\ProgramData\CAST\AipConsole\AipNode\upload\SCMProfit\main_sources\db\DatabaseSchemaDDL.sql,5,0,0,0
Cust_PartyOfficeTaxExempDetail_20181024,MIFV2.dbo.Cust_PartyOfficeTaxExempDetail_20181024,SQL Server Table,SQLScriptTable,SQL Server Table,C:\ProgramData\CAST\AipConsole\AipNode\upload\SCMProfit\main_sources\db\DatabaseSchemaDDL.sql,17,0,0,0
Bkg_CKBPSO,MIFV2.dbo.Bkg_CKBPSO,SQL Server Table,SQLScriptTable,SQL Server Table,C:\ProgramData\CAST\AipConsole\AipNode\upload\SCMProfit\main_sources\db\DatabaseSchemaDDL.sql,24,0,0,0
DBMigration,MIFV2.dbo.DBMigration,SQL Server Table,SQLScriptTable,SQL Server Table,C:\ProgramData\CAST\AipConsole\AipNode\upload\SCMProfit\main_sources\db\DatabaseSchemaDDL.sql,14,0,0,0
Def_Widgets,MIFV2.dbo.Def_Widgets,SQL Server Table,SQLScriptTable,SQL Server Table,C:\ProgramData\CAST\AipConsole\AipNode\upload\SCMProfit\main_sources\db\DatabaseSchemaDDL.sql,21,0,0,0
TempMap,MIFV2.dbo.TempMap,SQL Server Table,SQLScriptTable,SQL Server Table,C:\ProgramData\CAST\AipConsole\AipNode\upload\SCMProfit\main_sources\db\DatabaseSchemaDDL.sql,7,0,0,0
Bill_JobSheetCharge_07Jan2019,MIFV2.dbo.Bill_JobSheetCharge_07Jan2019,SQL Server Table,SQLScriptTable,SQL Server Table,C:\ProgramData\CAST\AipConsole\AipNode\upload\SCMProfit\main_sources\db\DatabaseSchemaDDL.sql,62,0,0,0
Cust_ProductPackageStructredeletemark,MIFV2.dbo.Cust_ProductPackageStructredeletemark,SQL Server Table,SQLScriptTable,SQL Server Table,C:\ProgramData\CAST\AipConsole\AipNode\upload\SCMProfit\main_sources\db\DatabaseSchemaDDL.sql,28,0,0,0
Cust_CustomerContact_20181024,MIFV2.dbo.Cust_CustomerContact_20181024,SQL Server Table,SQLScriptTable,SQL Server Table,C:\ProgramData\CAST\AipConsole\AipNode\upload\SCMProfit\main_sources\db\DatabaseSchemaDDL.sql,30,0,0,0
V1KC,MIFV2.dbo.V1KC,SQL Server Table,SQLScriptTable,SQL Server Table,C:\ProgramData\CAST\AipConsole\AipNode\upload\SCMProfit\main_sources\db\DatabaseSchemaDDL.sql,6,0,0,0
Contract_BookingMarginDetail_20181024,MIFV2.dbo.Contract_BookingMarginDetail_20181024,SQL Server Table,SQLScriptTable,SQL Server Table,C:\ProgramData\CAST\AipConsole\AipNode\upload\SCMProfit\main_sources\db\DatabaseSchemaDDL.sql,66,0,0,0
Cust_CoBrandingInfo_20181024,MIFV2.dbo.Cust_CoBrandingInfo_20181024,SQL Server Table,SQLScriptTable,SQL Server Table,C:\ProgramData\CAST\AipConsole\AipNode\upload\SCMProfit\main_sources\db\DatabaseSchemaDDL.sql,16,0,0,0
Bill_AccrualProcessSummary_04Jan2019,MIFV2.dbo.Bill_AccrualProcessSummary_04Jan2019,SQL Server Table,SQLScriptTable,SQL Server Table,C:\ProgramData\CAST\AipConsole\AipNode\upload\SCMProfit\main_sources\db\DatabaseSchemaDDL.sql,20,0,0,0
Int_IntegrationBatchDetail_Archive_Monthly,MIFV2.dbo.Int_IntegrationBatchDetail_Archive_Monthly,SQL Server Table,SQLScriptTable,SQL Server Table,C:\ProgramData\CAST\AipConsole\AipNode\upload\SCMProfit\main_sources\db\DatabaseSchemaDDL.sql,14,0,0,0
wh_inventoryitemTempStageout,MIFV2.dbo.wh_inventoryitemTempStageout,SQL Server Table,SQLScriptTable,SQL Server Table,C:\ProgramData\CAST\AipConsole\AipNode\upload\SCMProfit\main_sources\db\DatabaseSchemaDDL.sql,65,0,0,0
InventoryItem_30102017,MIFV2.dbo.InventoryItem_30102017,SQL Server Table,SQLScriptTable,SQL Server Table,C:\ProgramData\CAST\AipConsole\AipNode\upload\SCMProfit\main_sources\db\DatabaseSchemaDDL.sql,65,0,0,0
Int_debtorvendorbasic,MIFV2.dbo.Int_debtorvendorbasic,SQL Server Table,SQLScriptTable,SQL Server Table,C:\ProgramData\CAST\AipConsole\AipNode\upload\SCMProfit\main_sources\db\DatabaseSchemaDDL.sql,22,0,0,0
cust_users_20181024,MIFV2.dbo.cust_users_20181024,SQL Server Table,SQLScriptTable,SQL Server Table,C:\ProgramData\CAST\AipConsole\AipNode\upload\SCMProfit\main_sources\db\DatabaseSchemaDDL.sql,26,0,0,0
temp_ADIWOB091700752,MIFV2.dbo.temp_ADIWOB091700752,SQL Server Table,SQLScriptTable,SQL Server Table,C:\ProgramData\CAST\AipConsole\AipNode\upload\SCMProfit\main_sources\db\DatabaseSchemaDDL.sql,8,0,0,0
Int_serviceclassmaster,MIFV2.dbo.Int_serviceclassmaster,SQL Server Table,SQLScriptTable,SQL Server Table,C:\ProgramData\CAST\AipConsole\AipNode\upload\SCMProfit\main_sources\db\DatabaseSchemaDDL.sql,8,0,0,0
