Name,Full Name,Object Type,Internal Type,Level,File Path,Line of code,Cyclomatic Complexity,Essential Complexity,Integration Complexity
LogEntry_AddCategory,EHC.Application.LogEntry_AddCategory,SQL Server Procedure,SQLScriptProcedure,SQL Server Procedure,C:\ProgramData\CAST\AipConsole\AipNode\deploy\Project Modern Cardinal\main_sources\DDL\EHC.sql,20,2.0,2.0,2.0
EmployeeProfile_AddUpdateFromEmployees,EHC.Employee.EmployeeProfile_AddUpdateFromEmployees,SQL Server Procedure,SQLScriptProcedure,SQL Server Procedure,C:\ProgramData\CAST\AipConsole\AipNode\deploy\Project Modern Cardinal\main_sources\DDL\EHC.sql,66,5.0,5.0,5.0
GLEntryDetails_Add,EHC.GL.GLEntryDetails_Add,SQL Server Procedure,SQLScriptProcedure,SQL Server Procedure,C:\ProgramData\CAST\AipConsole\AipNode\deploy\Project Modern Cardinal\main_sources\DDL\EHC.sql,107,11.0,11.0,11.0
ServiceBureau_AddFromEhcSb,EHC.ServiceBureau.ServiceBureau_AddFromEhcSb,SQL Server Procedure,SQLScriptProcedure,SQL Server Procedure,C:\ProgramData\CAST\AipConsole\AipNode\deploy\Project Modern Cardinal\main_sources\DDL\EHC.sql,53,2.0,2.0,2.0
File_Delete,EHC.Application.File_Delete,SQL Server Procedure,SQLScriptProcedure,SQL Server Procedure,C:\ProgramData\CAST\AipConsole\AipNode\deploy\Project Modern Cardinal\main_sources\DDL\EHC.sql,120,1.0,1.0,1.0
EmployeeKey_AddFromEmployees,EHC.Employee.EmployeeKey_AddFromEmployees,SQL Server Procedure,SQLScriptProcedure,SQL Server Procedure,C:\ProgramData\CAST\AipConsole\AipNode\deploy\Project Modern Cardinal\main_sources\DDL\EHC.sql,23,1.0,1.0,1.0
AspNetUsers_SetTwoFactorAuthEnabledByServiceBureau,EHC.dbo.AspNetUsers_SetTwoFactorAuthEnabledByServiceBureau,SQL Server Procedure,SQLScriptProcedure,SQL Server Procedure,C:\ProgramData\CAST\AipConsole\AipNode\deploy\Project Modern Cardinal\main_sources\DDL\EHC.sql,12,1.0,1.0,1.0
AccountModule_AddUpdate_Module,EHC.Account.AccountModule_AddUpdate_Module,SQL Server Procedure,SQLScriptProcedure,SQL Server Procedure,C:\ProgramData\CAST\AipConsole\AipNode\deploy\Project Modern Cardinal\main_sources\DDL\EHC.sql,34,6.0,6.0,6.0
GLLaborDistOverrideStgs_Add,EHC.GL.GLLaborDistOverrideStgs_Add,SQL Server Procedure,SQLScriptProcedure,SQL Server Procedure,C:\ProgramData\CAST\AipConsole\AipNode\deploy\Project Modern Cardinal\main_sources\DDL\EHC.sql,90,1.0,1.0,1.0
RequestStateActivityUserNotificationCustomEmailAddresses_BulkAddUpdate,EHC.Workflow.RequestStateActivityUserNotificationCustomEmailAddresses_BulkAddUpdate,SQL Server Procedure,SQLScriptProcedure,SQL Server Procedure,C:\ProgramData\CAST\AipConsole\AipNode\deploy\Project Modern Cardinal\main_sources\DDL\EHC.sql,26,1.0,1.0,1.0
UserPin_AddFromEmployees,EHC.User.UserPin_AddFromEmployees,SQL Server Procedure,SQLScriptProcedure,SQL Server Procedure,C:\ProgramData\CAST\AipConsole\AipNode\deploy\Project Modern Cardinal\main_sources\DDL\EHC.sql,27,1.0,1.0,1.0
CreateAuditKeySetId,EHC.Application.CreateAuditKeySetId,SQL Server Procedure,SQLScriptProcedure,SQL Server Procedure,C:\ProgramData\CAST\AipConsole\AipNode\deploy\Project Modern Cardinal\main_sources\DDL\EHC.sql,12,2.0,2.0,2.0
User_UpdateFromEmployees,EHC.User.User_UpdateFromEmployees,SQL Server Procedure,SQLScriptProcedure,SQL Server Procedure,C:\ProgramData\CAST\AipConsole\AipNode\deploy\Project Modern Cardinal\main_sources\DDL\EHC.sql,26,2.0,2.0,2.0
Employees_AddFromEhcSb,EHC.Employee.Employees_AddFromEhcSb,SQL Server Procedure,SQLScriptProcedure,SQL Server Procedure,C:\ProgramData\CAST\AipConsole\AipNode\deploy\Project Modern Cardinal\main_sources\DDL\EHC.sql,28,5.0,5.0,5.0
Log_AddEntry,EHC.Application.Log_AddEntry,SQL Server Procedure,SQLScriptProcedure,SQL Server Procedure,C:\ProgramData\CAST\AipConsole\AipNode\deploy\Project Modern Cardinal\main_sources\DDL\EHC.sql,71,2.0,2.0,2.0
ModuleRole_Add,EHC.Application.ModuleRole_Add,SQL Server Procedure,SQLScriptProcedure,SQL Server Procedure,C:\ProgramData\CAST\AipConsole\AipNode\deploy\Project Modern Cardinal\main_sources\DDL\EHC.sql,15,1.0,1.0,1.0
CreateAuditKeySetKey,EHC.Application.CreateAuditKeySetKey,SQL Server Procedure,SQLScriptProcedure,SQL Server Procedure,C:\ProgramData\CAST\AipConsole\AipNode\deploy\Project Modern Cardinal\main_sources\DDL\EHC.sql,13,2.0,2.0,2.0
CategoryLog_Add,EHC.Application.CategoryLog_Add,SQL Server Procedure,SQLScriptProcedure,SQL Server Procedure,C:\ProgramData\CAST\AipConsole\AipNode\deploy\Project Modern Cardinal\main_sources\DDL\EHC.sql,15,3.0,3.0,3.0
UserNotificationPreferences_DefaultToPrimaryEmailForAllUnsetWithEmail,EHC.User.UserNotificationPreferences_DefaultToPrimaryEmailForAllUnsetWithEmail,SQL Server Procedure,SQLScriptProcedure,SQL Server Procedure,C:\ProgramData\CAST\AipConsole\AipNode\deploy\Project Modern Cardinal\main_sources\DDL\EHC.sql,8,1.0,1.0,1.0
Position_AddFromEhcSb,EHC.Account.Position_AddFromEhcSb,SQL Server Procedure,SQLScriptProcedure,SQL Server Procedure,C:\ProgramData\CAST\AipConsole\AipNode\deploy\Project Modern Cardinal\main_sources\DDL\EHC.sql,109,4.0,4.0,4.0
Audit_Add,EHC.Application.Audit_Add,SQL Server Procedure,SQLScriptProcedure,SQL Server Procedure,C:\ProgramData\CAST\AipConsole\AipNode\deploy\Project Modern Cardinal\main_sources\DDL\EHC.sql,40,2.0,2.0,2.0
RoleDisplays_Add,EHC.Application.RoleDisplays_Add,SQL Server Procedure,SQLScriptProcedure,SQL Server Procedure,C:\ProgramData\CAST\AipConsole\AipNode\deploy\Project Modern Cardinal\main_sources\DDL\EHC.sql,79,7.0,8.0,8.0
RequestStateActivityUserNotification_BulkAddUpdate,EHC.Workflow.RequestStateActivityUserNotification_BulkAddUpdate,SQL Server Procedure,SQLScriptProcedure,SQL Server Procedure,C:\ProgramData\CAST\AipConsole\AipNode\deploy\Project Modern Cardinal\main_sources\DDL\EHC.sql,18,1.0,1.0,1.0
Employees_Add,EHC.Employee.Employees_Add,SQL Server Procedure,SQLScriptProcedure,SQL Server Procedure,C:\ProgramData\CAST\AipConsole\AipNode\deploy\Project Modern Cardinal\main_sources\DDL\EHC.sql,27,5.0,5.0,5.0
ModuleRoles_AddForRole,EHC.Application.ModuleRoles_AddForRole,SQL Server Procedure,SQLScriptProcedure,SQL Server Procedure,C:\ProgramData\CAST\AipConsole\AipNode\deploy\Project Modern Cardinal\main_sources\DDL\EHC.sql,30,2.0,2.0,2.0
GroupEmployee_UpdateFromEmployees,EHC.OrgManagement.GroupEmployee_UpdateFromEmployees,SQL Server Procedure,SQLScriptProcedure,SQL Server Procedure,C:\ProgramData\CAST\AipConsole\AipNode\deploy\Project Modern Cardinal\main_sources\DDL\EHC.sql,31,5.0,5.0,5.0
GLLaborDists_Add,EHC.GL.GLLaborDists_Add,SQL Server Procedure,SQLScriptProcedure,SQL Server Procedure,C:\ProgramData\CAST\AipConsole\AipNode\deploy\Project Modern Cardinal\main_sources\DDL\EHC.sql,91,1.0,1.0,1.0
SqlError_Rethrow,EHC.Utility.SqlError_Rethrow,SQL Server Procedure,SQLScriptProcedure,SQL Server Procedure,C:\ProgramData\CAST\AipConsole\AipNode\deploy\Project Modern Cardinal\main_sources\DDL\EHC.sql,8,1.0,2.0,2.0
UserIdFromUserName,EHC.dbo.UserIdFromUserName,SQL Server Function,SQLScriptFunction,SQL Server Function,C:\ProgramData\CAST\AipConsole\AipNode\deploy\Project Modern Cardinal\main_sources\DDL\EHC.sql,9,2.0,2.0,2.0
GetEmployeesIncludeExcludeByUserId,EHC.OrgManagement.GetEmployeesIncludeExcludeByUserId,SQL Server Function,SQLScriptFunction,SQL Server Function,C:\ProgramData\CAST\AipConsole\AipNode\deploy\Project Modern Cardinal\main_sources\DDL\EHC.sql,9,2.0,2.0,2.0
GetAccessToEmployeesByUserIdAccountId,EHC.OrgManagement.GetAccessToEmployeesByUserIdAccountId,SQL Server Function,SQLScriptFunction,SQL Server Function,C:\ProgramData\CAST\AipConsole\AipNode\deploy\Project Modern Cardinal\main_sources\DDL\EHC.sql,94,2.0,2.0,2.0
GetAllEmployeesForCompanyByAccountId,EHC.OrgManagement.GetAllEmployeesForCompanyByAccountId,SQL Server Function,SQLScriptFunction,SQL Server Function,C:\ProgramData\CAST\AipConsole\AipNode\deploy\Project Modern Cardinal\main_sources\DDL\EHC.sql,12,2.0,2.0,2.0
GetEmployeesUnderInOrgChartByUserId,EHC.OrgManagement.GetEmployeesUnderInOrgChartByUserId,SQL Server Function,SQLScriptFunction,SQL Server Function,C:\ProgramData\CAST\AipConsole\AipNode\deploy\Project Modern Cardinal\main_sources\DDL\EHC.sql,40,2.0,2.0,2.0
ReportWriterGetHierarchy,EHC.Reporting.ReportWriterGetHierarchy,SQL Server Function,SQLScriptFunction,SQL Server Function,C:\ProgramData\CAST\AipConsole\AipNode\deploy\Project Modern Cardinal\main_sources\DDL\EHC.sql,39,2.0,2.0,2.0
AccountIdFromCompanyCode,EHC.Account.AccountIdFromCompanyCode,SQL Server Function,SQLScriptFunction,SQL Server Function,C:\ProgramData\CAST\AipConsole\AipNode\deploy\Project Modern Cardinal\main_sources\DDL\EHC.sql,9,2.0,2.0,2.0
GetSubordinateEmployeesByUserId,EHC.OrgManagement.GetSubordinateEmployeesByUserId,SQL Server Function,SQLScriptFunction,SQL Server Function,C:\ProgramData\CAST\AipConsole\AipNode\deploy\Project Modern Cardinal\main_sources\DDL\EHC.sql,33,2.0,2.0,2.0
UserIdHasRoleName,EHC.dbo.UserIdHasRoleName,SQL Server Function,SQLScriptFunction,SQL Server Function,C:\ProgramData\CAST\AipConsole\AipNode\deploy\Project Modern Cardinal\main_sources\DDL\EHC.sql,18,2.0,2.0,2.0
CompanyCodeFromAccountId,EHC.Account.CompanyCodeFromAccountId,SQL Server Function,SQLScriptFunction,SQL Server Function,C:\ProgramData\CAST\AipConsole\AipNode\deploy\Project Modern Cardinal\main_sources\DDL\EHC.sql,9,2.0,2.0,2.0
UserNameRequiresTwoFactorAuthentication,EHC.dbo.UserNameRequiresTwoFactorAuthentication,SQL Server Function,SQLScriptFunction,SQL Server Function,C:\ProgramData\CAST\AipConsole\AipNode\deploy\Project Modern Cardinal\main_sources\DDL\EHC.sql,10,2.0,2.0,2.0
GetExcludeEmployeesByUserIdAccountId,EHC.OrgManagement.GetExcludeEmployeesByUserIdAccountId,SQL Server Function,SQLScriptFunction,SQL Server Function,C:\ProgramData\CAST\AipConsole\AipNode\deploy\Project Modern Cardinal\main_sources\DDL\EHC.sql,13,2.0,2.0,2.0
PrimaryAccountIdForUserId,EHC.dbo.PrimaryAccountIdForUserId,SQL Server Function,SQLScriptFunction,SQL Server Function,C:\ProgramData\CAST\AipConsole\AipNode\deploy\Project Modern Cardinal\main_sources\DDL\EHC.sql,18,3.0,3.0,3.0
UserIdHasAccessToOtherEmployees,EHC.dbo.UserIdHasAccessToOtherEmployees,SQL Server Function,SQLScriptFunction,SQL Server Function,C:\ProgramData\CAST\AipConsole\AipNode\deploy\Project Modern Cardinal\main_sources\DDL\EHC.sql,20,2.0,2.0,2.0
GetEmployeeAccessLevelByUserIdAccountId,EHC.OrgManagement.GetEmployeeAccessLevelByUserIdAccountId,SQL Server Function,SQLScriptFunction,SQL Server Function,C:\ProgramData\CAST\AipConsole\AipNode\deploy\Project Modern Cardinal\main_sources\DDL\EHC.sql,33,3.0,3.0,3.0
UserIdRequiresTwoFactorAuthentication,EHC.dbo.UserIdRequiresTwoFactorAuthentication,SQL Server Function,SQLScriptFunction,SQL Server Function,C:\ProgramData\CAST\AipConsole\AipNode\deploy\Project Modern Cardinal\main_sources\DDL\EHC.sql,34,2.0,2.0,2.0
CategoryIdFromName,EHC.Application.CategoryIdFromName,SQL Server Function,SQLScriptFunction,SQL Server Function,C:\ProgramData\CAST\AipConsole\AipNode\deploy\Project Modern Cardinal\main_sources\DDL\EHC.sql,9,2.0,2.0,2.0
GetEmployeesForDepartmentsByUserId,EHC.OrgManagement.GetEmployeesForDepartmentsByUserId,SQL Server Function,SQLScriptFunction,SQL Server Function,C:\ProgramData\CAST\AipConsole\AipNode\deploy\Project Modern Cardinal\main_sources\DDL\EHC.sql,19,2.0,2.0,2.0
SftpConnection,EHC.Application.SftpConnection,SQL Server Table,SQLScriptTable,SQL Server Table,C:\ProgramData\CAST\AipConsole\AipNode\deploy\Project Modern Cardinal\main_sources\DDL\EHC.sql,17,0.0,0.0,0.0
RoleDisplayShell,EHC.Application.RoleDisplayShell,SQL Server Table,SQLScriptTable,SQL Server Table,C:\ProgramData\CAST\AipConsole\AipNode\deploy\Project Modern Cardinal\main_sources\DDL\EHC.sql,16,0.0,0.0,0.0
Template,EHC.Onboarding.Template,SQL Server Table,SQLScriptTable,SQL Server Table,C:\ProgramData\CAST\AipConsole\AipNode\deploy\Project Modern Cardinal\main_sources\DDL\EHC.sql,18,0.0,0.0,0.0
AuditRel,EHC.Application.AuditRel,SQL Server Table,SQLScriptTable,SQL Server Table,C:\ProgramData\CAST\AipConsole\AipNode\deploy\Project Modern Cardinal\main_sources\DDL\EHC.sql,18,0.0,0.0,0.0
Display,EHC.Application.Display,SQL Server Table,SQLScriptTable,SQL Server Table,C:\ProgramData\CAST\AipConsole\AipNode\deploy\Project Modern Cardinal\main_sources\DDL\EHC.sql,16,0.0,0.0,0.0
FileExchangeRole,EHC.FileExchange.FileExchangeRole,SQL Server Table,SQLScriptTable,SQL Server Table,C:\ProgramData\CAST\AipConsole\AipNode\deploy\Project Modern Cardinal\main_sources\DDL\EHC.sql,13,0.0,0.0,0.0
AccountCategoryFile,EHC.Account.AccountCategoryFile,SQL Server Table,SQLScriptTable,SQL Server Table,C:\ProgramData\CAST\AipConsole\AipNode\deploy\Project Modern Cardinal\main_sources\DDL\EHC.sql,13,0.0,0.0,0.0
MessageStatus,EHC.Application.MessageStatus,SQL Server Table,SQLScriptTable,SQL Server Table,C:\ProgramData\CAST\AipConsole\AipNode\deploy\Project Modern Cardinal\main_sources\DDL\EHC.sql,13,0.0,0.0,0.0
PasswordHistory,EHC.User.PasswordHistory,SQL Server Table,SQLScriptTable,SQL Server Table,C:\ProgramData\CAST\AipConsole\AipNode\deploy\Project Modern Cardinal\main_sources\DDL\EHC.sql,15,0.0,0.0,0.0
AccountEmailTemplate,EHC.Account.AccountEmailTemplate,SQL Server Table,SQLScriptTable,SQL Server Table,C:\ProgramData\CAST\AipConsole\AipNode\deploy\Project Modern Cardinal\main_sources\DDL\EHC.sql,15,0.0,0.0,0.0
ADLFileStagingFileRow,EHC.DataLoad.ADLFileStagingFileRow,SQL Server Table,SQLScriptTable,SQL Server Table,C:\ProgramData\CAST\AipConsole\AipNode\deploy\Project Modern Cardinal\main_sources\DDL\EHC.sql,18,0.0,0.0,0.0
EmployeeProfileExtNonPayroll,EHC.Employee.EmployeeProfileExtNonPayroll,SQL Server Table,SQLScriptTable,SQL Server Table,C:\ProgramData\CAST\AipConsole\AipNode\deploy\Project Modern Cardinal\main_sources\DDL\EHC.sql,13,0.0,0.0,0.0
EmailTemplate,EHC.Application.EmailTemplate,SQL Server Table,SQLScriptTable,SQL Server Table,C:\ProgramData\CAST\AipConsole\AipNode\deploy\Project Modern Cardinal\main_sources\DDL\EHC.sql,13,0.0,0.0,0.0
TransmissionLog,EHC.Integration.TransmissionLog,SQL Server Table,SQLScriptTable,SQL Server Table,C:\ProgramData\CAST\AipConsole\AipNode\deploy\Project Modern Cardinal\main_sources\DDL\EHC.sql,25,0.0,0.0,0.0
AccountDataLoadFileSlice,EHC.DataLoad.AccountDataLoadFileSlice,SQL Server Table,SQLScriptTable,SQL Server Table,C:\ProgramData\CAST\AipConsole\AipNode\deploy\Project Modern Cardinal\main_sources\DDL\EHC.sql,13,0.0,0.0,0.0
QuestionResponse,EHC.Onboarding.QuestionResponse,SQL Server Table,SQLScriptTable,SQL Server Table,C:\ProgramData\CAST\AipConsole\AipNode\deploy\Project Modern Cardinal\main_sources\DDL\EHC.sql,16,0.0,0.0,0.0
DisplayShellView,EHC.Application.DisplayShellView,SQL Server Table,SQLScriptTable,SQL Server Table,C:\ProgramData\CAST\AipConsole\AipNode\deploy\Project Modern Cardinal\main_sources\DDL\EHC.sql,18,0.0,0.0,0.0
ServiceBureauImageLink,EHC.ServiceBureau.ServiceBureauImageLink,SQL Server Table,SQLScriptTable,SQL Server Table,C:\ProgramData\CAST\AipConsole\AipNode\deploy\Project Modern Cardinal\main_sources\DDL\EHC.sql,16,0.0,0.0,0.0
RoleCampaign,EHC.Account.RoleCampaign,SQL Server Table,SQLScriptTable,SQL Server Table,C:\ProgramData\CAST\AipConsole\AipNode\deploy\Project Modern Cardinal\main_sources\DDL\EHC.sql,13,0.0,0.0,0.0
ADLFileStagingStatus,EHC.DataLoad.ADLFileStagingStatus,SQL Server Table,SQLScriptTable,SQL Server Table,C:\ProgramData\CAST\AipConsole\AipNode\deploy\Project Modern Cardinal\main_sources\DDL\EHC.sql,13,0.0,0.0,0.0
AccountDataLoad,EHC.DataLoad.AccountDataLoad,SQL Server Table,SQLScriptTable,SQL Server Table,C:\ProgramData\CAST\AipConsole\AipNode\deploy\Project Modern Cardinal\main_sources\DDL\EHC.sql,38,0.0,0.0,0.0
PayrollCostsData,EHC.Reporting.PayrollCostsData,SQL Server Table,SQLScriptTable,SQL Server Table,C:\ProgramData\CAST\AipConsole\AipNode\deploy\Project Modern Cardinal\main_sources\DDL\EHC.sql,20,0.0,0.0,0.0
VaccinationStatus,EHC.VaxTracker.VaccinationStatus,SQL Server Table,SQLScriptTable,SQL Server Table,C:\ProgramData\CAST\AipConsole\AipNode\deploy\Project Modern Cardinal\main_sources\DDL\EHC.sql,13,0.0,0.0,0.0
IntegrationEndpoint,EHC.Integration.IntegrationEndpoint,SQL Server Table,SQLScriptTable,SQL Server Table,C:\ProgramData\CAST\AipConsole\AipNode\deploy\Project Modern Cardinal\main_sources\DDL\EHC.sql,22,0.0,0.0,0.0
Account,EHC.HRAnswerLink.Account,SQL Server Table,SQLScriptTable,SQL Server Table,C:\ProgramData\CAST\AipConsole\AipNode\deploy\Project Modern Cardinal\main_sources\DDL\EHC.sql,12,0.0,0.0,0.0
ADLOutboundStep,EHC.DataLoad.ADLOutboundStep,SQL Server Table,SQLScriptTable,SQL Server Table,C:\ProgramData\CAST\AipConsole\AipNode\deploy\Project Modern Cardinal\main_sources\DDL\EHC.sql,28,0.0,0.0,0.0
QuickLink,EHC.Account.QuickLink,SQL Server Table,SQLScriptTable,SQL Server Table,C:\ProgramData\CAST\AipConsole\AipNode\deploy\Project Modern Cardinal\main_sources\DDL\EHC.sql,18,0.0,0.0,0.0
ReportWriterReport,EHC.Reporting.ReportWriterReport,SQL Server Table,SQLScriptTable,SQL Server Table,C:\ProgramData\CAST\AipConsole\AipNode\deploy\Project Modern Cardinal\main_sources\DDL\EHC.sql,17,0.0,0.0,0.0
Report,EHC.User.Report,SQL Server Table,SQLScriptTable,SQL Server Table,C:\ProgramData\CAST\AipConsole\AipNode\deploy\Project Modern Cardinal\main_sources\DDL\EHC.sql,17,0.0,0.0,0.0
Type,EHC.DataLoad.Type,SQL Server Table,SQLScriptTable,SQL Server Table,C:\ProgramData\CAST\AipConsole\AipNode\deploy\Project Modern Cardinal\main_sources\DDL\EHC.sql,16,0.0,0.0,0.0
ReportVaultFile,EHC.Reporting.ReportVaultFile,SQL Server Table,SQLScriptTable,SQL Server Table,C:\ProgramData\CAST\AipConsole\AipNode\deploy\Project Modern Cardinal\main_sources\DDL\EHC.sql,16,0.0,0.0,0.0
GLExpenseMappingGroup,EHC.GL.GLExpenseMappingGroup,SQL Server Table,SQLScriptTable,SQL Server Table,C:\ProgramData\CAST\AipConsole\AipNode\deploy\Project Modern Cardinal\main_sources\DDL\EHC.sql,17,0.0,0.0,0.0
TemplateType,EHC.Onboarding.TemplateType,SQL Server Table,SQLScriptTable,SQL Server Table,C:\ProgramData\CAST\AipConsole\AipNode\deploy\Project Modern Cardinal\main_sources\DDL\EHC.sql,13,0.0,0.0,0.0
ReportWriterFolder,EHC.Reporting.ReportWriterFolder,SQL Server Table,SQLScriptTable,SQL Server Table,C:\ProgramData\CAST\AipConsole\AipNode\deploy\Project Modern Cardinal\main_sources\DDL\EHC.sql,14,0.0,0.0,0.0
EaseAccount,EHC.Ease.EaseAccount,SQL Server Table,SQLScriptTable,SQL Server Table,C:\ProgramData\CAST\AipConsole\AipNode\deploy\Project Modern Cardinal\main_sources\DDL\EHC.sql,12,0.0,0.0,0.0
AuditKeySetKey,EHC.Application.AuditKeySetKey,SQL Server Table,SQLScriptTable,SQL Server Table,C:\ProgramData\CAST\AipConsole\AipNode\deploy\Project Modern Cardinal\main_sources\DDL\EHC.sql,14,0.0,0.0,0.0
FileExchangeUser,EHC.FileExchange.FileExchangeUser,SQL Server Table,SQLScriptTable,SQL Server Table,C:\ProgramData\CAST\AipConsole\AipNode\deploy\Project Modern Cardinal\main_sources\DDL\EHC.sql,13,0.0,0.0,0.0
DisplayShell,EHC.Application.DisplayShell,SQL Server Table,SQLScriptTable,SQL Server Table,C:\ProgramData\CAST\AipConsole\AipNode\deploy\Project Modern Cardinal\main_sources\DDL\EHC.sql,17,0.0,0.0,0.0
ModuleRole,EHC.Application.ModuleRole,SQL Server Table,SQLScriptTable,SQL Server Table,C:\ProgramData\CAST\AipConsole\AipNode\deploy\Project Modern Cardinal\main_sources\DDL\EHC.sql,13,0.0,0.0,0.0
PayrollUserSetting,EHC.Payroll.PayrollUserSetting,SQL Server Table,SQLScriptTable,SQL Server Table,C:\ProgramData\CAST\AipConsole\AipNode\deploy\Project Modern Cardinal\main_sources\DDL\EHC.sql,14,0.0,0.0,0.0
AccountFile,EHC.Account.AccountFile,SQL Server Table,SQLScriptTable,SQL Server Table,C:\ProgramData\CAST\AipConsole\AipNode\deploy\Project Modern Cardinal\main_sources\DDL\EHC.sql,23,0.0,0.0,0.0
Activity,EHC.Workflow.Activity,SQL Server Table,SQLScriptTable,SQL Server Table,C:\ProgramData\CAST\AipConsole\AipNode\deploy\Project Modern Cardinal\main_sources\DDL\EHC.sql,16,0.0,0.0,0.0
Field,EHC.Workflow.Field,SQL Server Table,SQLScriptTable,SQL Server Table,C:\ProgramData\CAST\AipConsole\AipNode\deploy\Project Modern Cardinal\main_sources\DDL\EHC.sql,15,0.0,0.0,0.0
ActivityType,EHC.Workflow.ActivityType,SQL Server Table,SQLScriptTable,SQL Server Table,C:\ProgramData\CAST\AipConsole\AipNode\deploy\Project Modern Cardinal\main_sources\DDL\EHC.sql,13,0.0,0.0,0.0
Question,EHC.Onboarding.Question,SQL Server Table,SQLScriptTable,SQL Server Table,C:\ProgramData\CAST\AipConsole\AipNode\deploy\Project Modern Cardinal\main_sources\DDL\EHC.sql,15,0.0,0.0,0.0
RoleDisplayShellView,EHC.Application.RoleDisplayShellView,SQL Server Table,SQLScriptTable,SQL Server Table,C:\ProgramData\CAST\AipConsole\AipNode\deploy\Project Modern Cardinal\main_sources\DDL\EHC.sql,18,0.0,0.0,0.0
MessageType,EHC.Application.MessageType,SQL Server Table,SQLScriptTable,SQL Server Table,C:\ProgramData\CAST\AipConsole\AipNode\deploy\Project Modern Cardinal\main_sources\DDL\EHC.sql,13,0.0,0.0,0.0
EmployeeEmergencyExt,EHC.Employee.EmployeeEmergencyExt,SQL Server Table,SQLScriptTable,SQL Server Table,C:\ProgramData\CAST\AipConsole\AipNode\deploy\Project Modern Cardinal\main_sources\DDL\EHC.sql,14,0.0,0.0,0.0
FormType,EHC.Application.FormType,SQL Server Table,SQLScriptTable,SQL Server Table,C:\ProgramData\CAST\AipConsole\AipNode\deploy\Project Modern Cardinal\main_sources\DDL\EHC.sql,13,0.0,0.0,0.0
Category,EHC.Application.Category,SQL Server Table,SQLScriptTable,SQL Server Table,C:\ProgramData\CAST\AipConsole\AipNode\deploy\Project Modern Cardinal\main_sources\DDL\EHC.sql,12,0.0,0.0,0.0
Form,EHC.Application.Form,SQL Server Table,SQLScriptTable,SQL Server Table,C:\ProgramData\CAST\AipConsole\AipNode\deploy\Project Modern Cardinal\main_sources\DDL\EHC.sql,19,0.0,0.0,0.0
LmsSlideInstance,EHC.Lms.LmsSlideInstance,SQL Server Table,SQLScriptTable,SQL Server Table,C:\ProgramData\CAST\AipConsole\AipNode\deploy\Project Modern Cardinal\main_sources\DDL\EHC.sql,14,0.0,0.0,0.0
TimeOff,EHC.Employee.TimeOff,SQL Server Table,SQLScriptTable,SQL Server Table,C:\ProgramData\CAST\AipConsole\AipNode\deploy\Project Modern Cardinal\main_sources\DDL\EHC.sql,27,0.0,0.0,0.0
AccountCustomFieldValue,EHC.Account.AccountCustomFieldValue,SQL Server Table,SQLScriptTable,SQL Server Table,C:\ProgramData\CAST\AipConsole\AipNode\deploy\Project Modern Cardinal\main_sources\DDL\EHC.sql,21,0.0,0.0,0.0
Group,EHC.Workflow.Group,SQL Server Table,SQLScriptTable,SQL Server Table,C:\ProgramData\CAST\AipConsole\AipNode\deploy\Project Modern Cardinal\main_sources\DDL\EHC.sql,13,0.0,0.0,0.0
TestResultLog,EHC.VaxTracker.TestResultLog,SQL Server Table,SQLScriptTable,SQL Server Table,C:\ProgramData\CAST\AipConsole\AipNode\deploy\Project Modern Cardinal\main_sources\DDL\EHC.sql,16,0.0,0.0,0.0
EmailMessage,EHC.Application.EmailMessage,SQL Server Table,SQLScriptTable,SQL Server Table,C:\ProgramData\CAST\AipConsole\AipNode\deploy\Project Modern Cardinal\main_sources\DDL\EHC.sql,19,0.0,0.0,0.0
Contact,EHC.ServiceBureau.Contact,SQL Server Table,SQLScriptTable,SQL Server Table,C:\ProgramData\CAST\AipConsole\AipNode\deploy\Project Modern Cardinal\main_sources\DDL\EHC.sql,18,0.0,0.0,0.0
RoleViewField,EHC.Application.RoleViewField,SQL Server Table,SQLScriptTable,SQL Server Table,C:\ProgramData\CAST\AipConsole\AipNode\deploy\Project Modern Cardinal\main_sources\DDL\EHC.sql,21,0.0,0.0,0.0
WorkflowVersion,EHC.Workflow.WorkflowVersion,SQL Server Table,SQLScriptTable,SQL Server Table,C:\ProgramData\CAST\AipConsole\AipNode\deploy\Project Modern Cardinal\main_sources\DDL\EHC.sql,13,0.0,0.0,0.0
ViewField,EHC.Application.ViewField,SQL Server Table,SQLScriptTable,SQL Server Table,C:\ProgramData\CAST\AipConsole\AipNode\deploy\Project Modern Cardinal\main_sources\DDL\EHC.sql,24,0.0,0.0,0.0
EmployeeFileFolder,EHC.Employee.EmployeeFileFolder,SQL Server Table,SQLScriptTable,SQL Server Table,C:\ProgramData\CAST\AipConsole\AipNode\deploy\Project Modern Cardinal\main_sources\DDL\EHC.sql,15,0.0,0.0,0.0
AspNetUsers,EHC.dbo.AspNetUsers,SQL Server Table,SQLScriptTable,SQL Server Table,C:\ProgramData\CAST\AipConsole\AipNode\deploy\Project Modern Cardinal\main_sources\DDL\EHC.sql,41,0.0,0.0,0.0
Status,EHC.Onboarding.Status,SQL Server Table,SQLScriptTable,SQL Server Table,C:\ProgramData\CAST\AipConsole\AipNode\deploy\Project Modern Cardinal\main_sources\DDL\EHC.sql,13,0.0,0.0,0.0
DataLoadPreprocessor,EHC.DataLoad.DataLoadPreprocessor,SQL Server Table,SQLScriptTable,SQL Server Table,C:\ProgramData\CAST\AipConsole\AipNode\deploy\Project Modern Cardinal\main_sources\DDL\EHC.sql,13,0.0,0.0,0.0
StepTemplateFile,EHC.Onboarding.StepTemplateFile,SQL Server Table,SQLScriptTable,SQL Server Table,C:\ProgramData\CAST\AipConsole\AipNode\deploy\Project Modern Cardinal\main_sources\DDL\EHC.sql,13,0.0,0.0,0.0
FieldDataType,EHC.Workflow.FieldDataType,SQL Server Table,SQLScriptTable,SQL Server Table,C:\ProgramData\CAST\AipConsole\AipNode\deploy\Project Modern Cardinal\main_sources\DDL\EHC.sql,13,0.0,0.0,0.0
GLExportFormat,EHC.GL.GLExportFormat,SQL Server Table,SQLScriptTable,SQL Server Table,C:\ProgramData\CAST\AipConsole\AipNode\deploy\Project Modern Cardinal\main_sources\DDL\EHC.sql,13,0.0,0.0,0.0
ReportVaultFileCategory,EHC.Reporting.ReportVaultFileCategory,SQL Server Table,SQLScriptTable,SQL Server Table,C:\ProgramData\CAST\AipConsole\AipNode\deploy\Project Modern Cardinal\main_sources\DDL\EHC.sql,13,0.0,0.0,0.0
EmployeeSupervisor,EHC.OrgManagement.EmployeeSupervisor,SQL Server Table,SQLScriptTable,SQL Server Table,C:\ProgramData\CAST\AipConsole\AipNode\deploy\Project Modern Cardinal\main_sources\DDL\EHC.sql,13,0.0,0.0,0.0
Pin,EHC.User.Pin,SQL Server Table,SQLScriptTable,SQL Server Table,C:\ProgramData\CAST\AipConsole\AipNode\deploy\Project Modern Cardinal\main_sources\DDL\EHC.sql,19,0.0,0.0,0.0
Account,EHC.Account.Account,SQL Server Table,SQLScriptTable,SQL Server Table,C:\ProgramData\CAST\AipConsole\AipNode\deploy\Project Modern Cardinal\main_sources\DDL\EHC.sql,48,0.0,0.0,0.0
UserEmployeeIncludeExclude,EHC.OrgManagement.UserEmployeeIncludeExclude,SQL Server Table,SQLScriptTable,SQL Server Table,C:\ProgramData\CAST\AipConsole\AipNode\deploy\Project Modern Cardinal\main_sources\DDL\EHC.sql,14,0.0,0.0,0.0
EaseEmployee,EHC.Ease.EaseEmployee,SQL Server Table,SQLScriptTable,SQL Server Table,C:\ProgramData\CAST\AipConsole\AipNode\deploy\Project Modern Cardinal\main_sources\DDL\EHC.sql,12,0.0,0.0,0.0
EmployeeCustomField,EHC.Employee.EmployeeCustomField,SQL Server Table,SQLScriptTable,SQL Server Table,C:\ProgramData\CAST\AipConsole\AipNode\deploy\Project Modern Cardinal\main_sources\DDL\EHC.sql,22,0.0,0.0,0.0
AccountCategory,EHC.Account.AccountCategory,SQL Server Table,SQLScriptTable,SQL Server Table,C:\ProgramData\CAST\AipConsole\AipNode\deploy\Project Modern Cardinal\main_sources\DDL\EHC.sql,15,0.0,0.0,0.0
ServiceBureauSetting,EHC.ServiceBureau.ServiceBureauSetting,SQL Server Table,SQLScriptTable,SQL Server Table,C:\ProgramData\CAST\AipConsole\AipNode\deploy\Project Modern Cardinal\main_sources\DDL\EHC.sql,18,0.0,0.0,0.0
NatCrimeSearchAccount,EHC.NatCrimeSearch.NatCrimeSearchAccount,SQL Server Table,SQLScriptTable,SQL Server Table,C:\ProgramData\CAST\AipConsole\AipNode\deploy\Project Modern Cardinal\main_sources\DDL\EHC.sql,12,0.0,0.0,0.0
ServiceBureauFile,EHC.ServiceBureau.ServiceBureauFile,SQL Server Table,SQLScriptTable,SQL Server Table,C:\ProgramData\CAST\AipConsole\AipNode\deploy\Project Modern Cardinal\main_sources\DDL\EHC.sql,15,0.0,0.0,0.0
AccountServiceBureauContact,EHC.Account.AccountServiceBureauContact,SQL Server Table,SQLScriptTable,SQL Server Table,C:\ProgramData\CAST\AipConsole\AipNode\deploy\Project Modern Cardinal\main_sources\DDL\EHC.sql,14,0.0,0.0,0.0
StepInstanceQuestion,EHC.Onboarding.StepInstanceQuestion,SQL Server Table,SQLScriptTable,SQL Server Table,C:\ProgramData\CAST\AipConsole\AipNode\deploy\Project Modern Cardinal\main_sources\DDL\EHC.sql,13,0.0,0.0,0.0
AccountSetting,EHC.Account.AccountSetting,SQL Server Table,SQLScriptTable,SQL Server Table,C:\ProgramData\CAST\AipConsole\AipNode\deploy\Project Modern Cardinal\main_sources\DDL\EHC.sql,18,0.0,0.0,0.0
ActionMode,EHC.Workflow.ActionMode,SQL Server Table,SQLScriptTable,SQL Server Table,C:\ProgramData\CAST\AipConsole\AipNode\deploy\Project Modern Cardinal\main_sources\DDL\EHC.sql,14,0.0,0.0,0.0
StepStatus,EHC.Onboarding.StepStatus,SQL Server Table,SQLScriptTable,SQL Server Table,C:\ProgramData\CAST\AipConsole\AipNode\deploy\Project Modern Cardinal\main_sources\DDL\EHC.sql,13,0.0,0.0,0.0
Module,EHC.Application.Module,SQL Server Table,SQLScriptTable,SQL Server Table,C:\ProgramData\CAST\AipConsole\AipNode\deploy\Project Modern Cardinal\main_sources\DDL\EHC.sql,27,0.0,0.0,0.0
AccountCostCenterGroup,EHC.Account.AccountCostCenterGroup,SQL Server Table,SQLScriptTable,SQL Server Table,C:\ProgramData\CAST\AipConsole\AipNode\deploy\Project Modern Cardinal\main_sources\DDL\EHC.sql,18,0.0,0.0,0.0
StepTemplate,EHC.Onboarding.StepTemplate,SQL Server Table,SQLScriptTable,SQL Server Table,C:\ProgramData\CAST\AipConsole\AipNode\deploy\Project Modern Cardinal\main_sources\DDL\EHC.sql,26,0.0,0.0,0.0
GLTemplate,EHC.GL.GLTemplate,SQL Server Table,SQLScriptTable,SQL Server Table,C:\ProgramData\CAST\AipConsole\AipNode\deploy\Project Modern Cardinal\main_sources\DDL\EHC.sql,26,0.0,0.0,0.0
State,EHC.Workflow.State,SQL Server Table,SQLScriptTable,SQL Server Table,C:\ProgramData\CAST\AipConsole\AipNode\deploy\Project Modern Cardinal\main_sources\DDL\EHC.sql,17,0.0,0.0,0.0
LmsTraining,EHC.Lms.LmsTraining,SQL Server Table,SQLScriptTable,SQL Server Table,C:\ProgramData\CAST\AipConsole\AipNode\deploy\Project Modern Cardinal\main_sources\DDL\EHC.sql,17,0.0,0.0,0.0
CategoryLog,EHC.Application.CategoryLog,SQL Server Table,SQLScriptTable,SQL Server Table,C:\ProgramData\CAST\AipConsole\AipNode\deploy\Project Modern Cardinal\main_sources\DDL\EHC.sql,13,0.0,0.0,0.0
ReportWriterModel,EHC.Reporting.ReportWriterModel,SQL Server Table,SQLScriptTable,SQL Server Table,C:\ProgramData\CAST\AipConsole\AipNode\deploy\Project Modern Cardinal\main_sources\DDL\EHC.sql,12,0.0,0.0,0.0
ServiceBureauUser,EHC.ServiceBureau.ServiceBureauUser,SQL Server Table,SQLScriptTable,SQL Server Table,C:\ProgramData\CAST\AipConsole\AipNode\deploy\Project Modern Cardinal\main_sources\DDL\EHC.sql,15,0.0,0.0,0.0
GroupRole,EHC.Account.GroupRole,SQL Server Table,SQLScriptTable,SQL Server Table,C:\ProgramData\CAST\AipConsole\AipNode\deploy\Project Modern Cardinal\main_sources\DDL\EHC.sql,13,0.0,0.0,0.0
Group,EHC.Account.Group,SQL Server Table,SQLScriptTable,SQL Server Table,C:\ProgramData\CAST\AipConsole\AipNode\deploy\Project Modern Cardinal\main_sources\DDL\EHC.sql,12,0.0,0.0,0.0
Setting,EHC.Application.Setting,SQL Server Table,SQLScriptTable,SQL Server Table,C:\ProgramData\CAST\AipConsole\AipNode\deploy\Project Modern Cardinal\main_sources\DDL\EHC.sql,14,0.0,0.0,0.0
StateType,EHC.Workflow.StateType,SQL Server Table,SQLScriptTable,SQL Server Table,C:\ProgramData\CAST\AipConsole\AipNode\deploy\Project Modern Cardinal\main_sources\DDL\EHC.sql,13,0.0,0.0,0.0
StepType,EHC.Onboarding.StepType,SQL Server Table,SQLScriptTable,SQL Server Table,C:\ProgramData\CAST\AipConsole\AipNode\deploy\Project Modern Cardinal\main_sources\DDL\EHC.sql,14,0.0,0.0,0.0
ServiceBureau,EHC.ServiceBureau.ServiceBureau,SQL Server Table,SQLScriptTable,SQL Server Table,C:\ProgramData\CAST\AipConsole\AipNode\deploy\Project Modern Cardinal\main_sources\DDL\EHC.sql,27,0.0,0.0,0.0
Direction,EHC.DataLoad.Direction,SQL Server Table,SQLScriptTable,SQL Server Table,C:\ProgramData\CAST\AipConsole\AipNode\deploy\Project Modern Cardinal\main_sources\DDL\EHC.sql,13,0.0,0.0,0.0
AspNetRoles,EHC.dbo.AspNetRoles,SQL Server Table,SQLScriptTable,SQL Server Table,C:\ProgramData\CAST\AipConsole\AipNode\deploy\Project Modern Cardinal\main_sources\DDL\EHC.sql,18,0.0,0.0,0.0
SwitchUser,EHC.User.SwitchUser,SQL Server Table,SQLScriptTable,SQL Server Table,C:\ProgramData\CAST\AipConsole\AipNode\deploy\Project Modern Cardinal\main_sources\DDL\EHC.sql,13,0.0,0.0,0.0
GLEntryExportFile,EHC.GL.GLEntryExportFile,SQL Server Table,SQLScriptTable,SQL Server Table,C:\ProgramData\CAST\AipConsole\AipNode\deploy\Project Modern Cardinal\main_sources\DDL\EHC.sql,14,0.0,0.0,0.0
File,EHC.Application.File,SQL Server Table,SQLScriptTable,SQL Server Table,C:\ProgramData\CAST\AipConsole\AipNode\deploy\Project Modern Cardinal\main_sources\DDL\EHC.sql,17,0.0,0.0,0.0
LmsDataSlideType,EHC.Lms.LmsDataSlideType,SQL Server Table,SQLScriptTable,SQL Server Table,C:\ProgramData\CAST\AipConsole\AipNode\deploy\Project Modern Cardinal\main_sources\DDL\EHC.sql,13,0.0,0.0,0.0
Person,EHC.ServiceBureau.Person,SQL Server Table,SQLScriptTable,SQL Server Table,C:\ProgramData\CAST\AipConsole\AipNode\deploy\Project Modern Cardinal\main_sources\DDL\EHC.sql,20,0.0,0.0,0.0
AccountLocation,EHC.Account.AccountLocation,SQL Server Table,SQLScriptTable,SQL Server Table,C:\ProgramData\CAST\AipConsole\AipNode\deploy\Project Modern Cardinal\main_sources\DDL\EHC.sql,17,0.0,0.0,0.0
EmployeeStatus,EHC.VaxTracker.EmployeeStatus,SQL Server Table,SQLScriptTable,SQL Server Table,C:\ProgramData\CAST\AipConsole\AipNode\deploy\Project Modern Cardinal\main_sources\DDL\EHC.sql,13,0.0,0.0,0.0
AccountStatus,EHC.Account.AccountStatus,SQL Server Table,SQLScriptTable,SQL Server Table,C:\ProgramData\CAST\AipConsole\AipNode\deploy\Project Modern Cardinal\main_sources\DDL\EHC.sql,14,0.0,0.0,0.0
ServiceBureauCategory,EHC.ServiceBureau.ServiceBureauCategory,SQL Server Table,SQLScriptTable,SQL Server Table,C:\ProgramData\CAST\AipConsole\AipNode\deploy\Project Modern Cardinal\main_sources\DDL\EHC.sql,15,0.0,0.0,0.0
QuestionType,EHC.Onboarding.QuestionType,SQL Server Table,SQLScriptTable,SQL Server Table,C:\ProgramData\CAST\AipConsole\AipNode\deploy\Project Modern Cardinal\main_sources\DDL\EHC.sql,12,0.0,0.0,0.0
Configuration,EHC.ServiceBureau.Configuration,SQL Server Table,SQLScriptTable,SQL Server Table,C:\ProgramData\CAST\AipConsole\AipNode\deploy\Project Modern Cardinal\main_sources\DDL\EHC.sql,23,0.0,0.0,0.0
Container,EHC.DataChange.Container,SQL Server Table,SQLScriptTable,SQL Server Table,C:\ProgramData\CAST\AipConsole\AipNode\deploy\Project Modern Cardinal\main_sources\DDL\EHC.sql,14,0.0,0.0,0.0
AccountDataLoadFile,EHC.DataLoad.AccountDataLoadFile,SQL Server Table,SQLScriptTable,SQL Server Table,C:\ProgramData\CAST\AipConsole\AipNode\deploy\Project Modern Cardinal\main_sources\DDL\EHC.sql,20,0.0,0.0,0.0
EmployeeCcGroup,EHC.Employee.EmployeeCcGroup,SQL Server Table,SQLScriptTable,SQL Server Table,C:\ProgramData\CAST\AipConsole\AipNode\deploy\Project Modern Cardinal\main_sources\DDL\EHC.sql,12,0.0,0.0,0.0
BvsAccount,EHC.Bvs.BvsAccount,SQL Server Table,SQLScriptTable,SQL Server Table,C:\ProgramData\CAST\AipConsole\AipNode\deploy\Project Modern Cardinal\main_sources\DDL\EHC.sql,12,0.0,0.0,0.0
UserAccount,EHC.OrgManagement.UserAccount,SQL Server Table,SQLScriptTable,SQL Server Table,C:\ProgramData\CAST\AipConsole\AipNode\deploy\Project Modern Cardinal\main_sources\DDL\EHC.sql,14,0.0,0.0,0.0
Position,EHC.Account.Position,SQL Server Table,SQLScriptTable,SQL Server Table,C:\ProgramData\CAST\AipConsole\AipNode\deploy\Project Modern Cardinal\main_sources\DDL\EHC.sql,33,0.0,0.0,0.0
VaccineLogFile,EHC.VaxTracker.VaccineLogFile,SQL Server Table,SQLScriptTable,SQL Server Table,C:\ProgramData\CAST\AipConsole\AipNode\deploy\Project Modern Cardinal\main_sources\DDL\EHC.sql,13,0.0,0.0,0.0
ContainerType,EHC.DataChange.ContainerType,SQL Server Table,SQLScriptTable,SQL Server Table,C:\ProgramData\CAST\AipConsole\AipNode\deploy\Project Modern Cardinal\main_sources\DDL\EHC.sql,13,0.0,0.0,0.0
DiscoveryBenefitsAccount,EHC.DiscoveryBenefits.DiscoveryBenefitsAccount,SQL Server Table,SQLScriptTable,SQL Server Table,C:\ProgramData\CAST\AipConsole\AipNode\deploy\Project Modern Cardinal\main_sources\DDL\EHC.sql,12,0.0,0.0,0.0
TransmissionLogArchive,EHC.Integration.TransmissionLogArchive,SQL Server Table,SQLScriptTable,SQL Server Table,C:\ProgramData\CAST\AipConsole\AipNode\deploy\Project Modern Cardinal\main_sources\DDL\EHC.sql,25,0.0,0.0,0.0
Description,EHC.Application.Description,SQL Server Table,SQLScriptTable,SQL Server Table,C:\ProgramData\CAST\AipConsole\AipNode\deploy\Project Modern Cardinal\main_sources\DDL\EHC.sql,12,0.0,0.0,0.0
FileExchange,EHC.FileExchange.FileExchange,SQL Server Table,SQLScriptTable,SQL Server Table,C:\ProgramData\CAST\AipConsole\AipNode\deploy\Project Modern Cardinal\main_sources\DDL\EHC.sql,15,0.0,0.0,0.0
AccountPayrollExt,EHC.Account.AccountPayrollExt,SQL Server Table,SQLScriptTable,SQL Server Table,C:\ProgramData\CAST\AipConsole\AipNode\deploy\Project Modern Cardinal\main_sources\DDL\EHC.sql,15,0.0,0.0,0.0
ApplicationMessage,EHC.Application.ApplicationMessage,SQL Server Table,SQLScriptTable,SQL Server Table,C:\ProgramData\CAST\AipConsole\AipNode\deploy\Project Modern Cardinal\main_sources\DDL\EHC.sql,18,0.0,0.0,0.0
LmsSlide,EHC.Lms.LmsSlide,SQL Server Table,SQLScriptTable,SQL Server Table,C:\ProgramData\CAST\AipConsole\AipNode\deploy\Project Modern Cardinal\main_sources\DDL\EHC.sql,17,0.0,0.0,0.0
TestResultLogFile,EHC.VaxTracker.TestResultLogFile,SQL Server Table,SQLScriptTable,SQL Server Table,C:\ProgramData\CAST\AipConsole\AipNode\deploy\Project Modern Cardinal\main_sources\DDL\EHC.sql,13,0.0,0.0,0.0
EmployeeProfileExt,EHC.Employee.EmployeeProfileExt,SQL Server Table,SQLScriptTable,SQL Server Table,C:\ProgramData\CAST\AipConsole\AipNode\deploy\Project Modern Cardinal\main_sources\DDL\EHC.sql,16,0.0,0.0,0.0
GLEntryDetailType,EHC.GL.GLEntryDetailType,SQL Server Table,SQLScriptTable,SQL Server Table,C:\ProgramData\CAST\AipConsole\AipNode\deploy\Project Modern Cardinal\main_sources\DDL\EHC.sql,13,0.0,0.0,0.0
AccountDataLoadEmployeeFile,EHC.DataLoad.AccountDataLoadEmployeeFile,SQL Server Table,SQLScriptTable,SQL Server Table,C:\ProgramData\CAST\AipConsole\AipNode\deploy\Project Modern Cardinal\main_sources\DDL\EHC.sql,23,0.0,0.0,0.0
Employee,EHC.Kronos.Employee,SQL Server Table,SQLScriptTable,SQL Server Table,C:\ProgramData\CAST\AipConsole\AipNode\deploy\Project Modern Cardinal\main_sources\DDL\EHC.sql,14,0.0,0.0,0.0
ActionType,EHC.Workflow.ActionType,SQL Server Table,SQLScriptTable,SQL Server Table,C:\ProgramData\CAST\AipConsole\AipNode\deploy\Project Modern Cardinal\main_sources\DDL\EHC.sql,13,0.0,0.0,0.0
PayrollCostsConfig,EHC.Reporting.PayrollCostsConfig,SQL Server Table,SQLScriptTable,SQL Server Table,C:\ProgramData\CAST\AipConsole\AipNode\deploy\Project Modern Cardinal\main_sources\DDL\EHC.sql,31,0.0,0.0,0.0
Workflow,EHC.Workflow.Workflow,SQL Server Table,SQLScriptTable,SQL Server Table,C:\ProgramData\CAST\AipConsole\AipNode\deploy\Project Modern Cardinal\main_sources\DDL\EHC.sql,27,0.0,0.0,0.0
Integration,EHC.Integration.Integration,SQL Server Table,SQLScriptTable,SQL Server Table,C:\ProgramData\CAST\AipConsole\AipNode\deploy\Project Modern Cardinal\main_sources\DDL\EHC.sql,15,0.0,0.0,0.0
GroupEmployee,EHC.OrgManagement.GroupEmployee,SQL Server Table,SQLScriptTable,SQL Server Table,C:\ProgramData\CAST\AipConsole\AipNode\deploy\Project Modern Cardinal\main_sources\DDL\EHC.sql,14,0.0,0.0,0.0
IdentityDocument,EHC.Onboarding.IdentityDocument,SQL Server Table,SQLScriptTable,SQL Server Table,C:\ProgramData\CAST\AipConsole\AipNode\deploy\Project Modern Cardinal\main_sources\DDL\EHC.sql,17,0.0,0.0,0.0
StatusChangeLog,EHC.Employee.StatusChangeLog,SQL Server Table,SQLScriptTable,SQL Server Table,C:\ProgramData\CAST\AipConsole\AipNode\deploy\Project Modern Cardinal\main_sources\DDL\EHC.sql,24,0.0,0.0,0.0
WorkflowStatus,EHC.Workflow.WorkflowStatus,SQL Server Table,SQLScriptTable,SQL Server Table,C:\ProgramData\CAST\AipConsole\AipNode\deploy\Project Modern Cardinal\main_sources\DDL\EHC.sql,13,0.0,0.0,0.0
ReportWriterReportType,EHC.Reporting.ReportWriterReportType,SQL Server Table,SQLScriptTable,SQL Server Table,C:\ProgramData\CAST\AipConsole\AipNode\deploy\Project Modern Cardinal\main_sources\DDL\EHC.sql,17,0.0,0.0,0.0
ImageLink,EHC.Application.ImageLink,SQL Server Table,SQLScriptTable,SQL Server Table,C:\ProgramData\CAST\AipConsole\AipNode\deploy\Project Modern Cardinal\main_sources\DDL\EHC.sql,16,0.0,0.0,0.0
StepInstanceFile,EHC.Onboarding.StepInstanceFile,SQL Server Table,SQLScriptTable,SQL Server Table,C:\ProgramData\CAST\AipConsole\AipNode\deploy\Project Modern Cardinal\main_sources\DDL\EHC.sql,14,0.0,0.0,0.0
EmployeeNotSubjectToTesting,EHC.VaxTracker.EmployeeNotSubjectToTesting,SQL Server Table,SQLScriptTable,SQL Server Table,C:\ProgramData\CAST\AipConsole\AipNode\deploy\Project Modern Cardinal\main_sources\DDL\EHC.sql,14,0.0,0.0,0.0
GLAccountConfig,EHC.GL.GLAccountConfig,SQL Server Table,SQLScriptTable,SQL Server Table,C:\ProgramData\CAST\AipConsole\AipNode\deploy\Project Modern Cardinal\main_sources\DDL\EHC.sql,13,0.0,0.0,0.0
Status,EHC.DataLoad.Status,SQL Server Table,SQLScriptTable,SQL Server Table,C:\ProgramData\CAST\AipConsole\AipNode\deploy\Project Modern Cardinal\main_sources\DDL\EHC.sql,13,0.0,0.0,0.0
RequestStatus,EHC.Workflow.RequestStatus,SQL Server Table,SQLScriptTable,SQL Server Table,C:\ProgramData\CAST\AipConsole\AipNode\deploy\Project Modern Cardinal\main_sources\DDL\EHC.sql,13,0.0,0.0,0.0
EmployeeSkillExt,EHC.Employee.EmployeeSkillExt,SQL Server Table,SQLScriptTable,SQL Server Table,C:\ProgramData\CAST\AipConsole\AipNode\deploy\Project Modern Cardinal\main_sources\DDL\EHC.sql,14,0.0,0.0,0.0
Audit,EHC.Application.Audit,SQL Server Table,SQLScriptTable,SQL Server Table,C:\ProgramData\CAST\AipConsole\AipNode\deploy\Project Modern Cardinal\main_sources\DDL\EHC.sql,21,0.0,0.0,0.0
Transition,EHC.Workflow.Transition,SQL Server Table,SQLScriptTable,SQL Server Table,C:\ProgramData\CAST\AipConsole\AipNode\deploy\Project Modern Cardinal\main_sources\DDL\EHC.sql,15,0.0,0.0,0.0
RequestStateActivityUserNotification,EHC.Workflow.RequestStateActivityUserNotification,SQL Server Table,SQLScriptTable,SQL Server Table,C:\ProgramData\CAST\AipConsole\AipNode\deploy\Project Modern Cardinal\main_sources\DDL\EHC.sql,18,0.0,0.0,0.0
AuditKeySet,EHC.Application.AuditKeySet,SQL Server Table,SQLScriptTable,SQL Server Table,C:\ProgramData\CAST\AipConsole\AipNode\deploy\Project Modern Cardinal\main_sources\DDL\EHC.sql,11,0.0,0.0,0.0
FileViewHistory,EHC.Application.FileViewHistory,SQL Server Table,SQLScriptTable,SQL Server Table,C:\ProgramData\CAST\AipConsole\AipNode\deploy\Project Modern Cardinal\main_sources\DDL\EHC.sql,9,0.0,0.0,0.0
TransmissionStatus,EHC.Integration.TransmissionStatus,SQL Server Table,SQLScriptTable,SQL Server Table,C:\ProgramData\CAST\AipConsole\AipNode\deploy\Project Modern Cardinal\main_sources\DDL\EHC.sql,13,0.0,0.0,0.0
Source,EHC.DataChange.Source,SQL Server Table,SQLScriptTable,SQL Server Table,C:\ProgramData\CAST\AipConsole\AipNode\deploy\Project Modern Cardinal\main_sources\DDL\EHC.sql,13,0.0,0.0,0.0
View,EHC.Application.View,SQL Server Table,SQLScriptTable,SQL Server Table,C:\ProgramData\CAST\AipConsole\AipNode\deploy\Project Modern Cardinal\main_sources\DDL\EHC.sql,15,0.0,0.0,0.0
Step,EHC.Onboarding.Step,SQL Server Table,SQLScriptTable,SQL Server Table,C:\ProgramData\CAST\AipConsole\AipNode\deploy\Project Modern Cardinal\main_sources\DDL\EHC.sql,19,0.0,0.0,0.0
PayrollCostsCalendar,EHC.Reporting.PayrollCostsCalendar,SQL Server Table,SQLScriptTable,SQL Server Table,C:\ProgramData\CAST\AipConsole\AipNode\deploy\Project Modern Cardinal\main_sources\DDL\EHC.sql,16,0.0,0.0,0.0
Field,EHC.Application.Field,SQL Server Table,SQLScriptTable,SQL Server Table,C:\ProgramData\CAST\AipConsole\AipNode\deploy\Project Modern Cardinal\main_sources\DDL\EHC.sql,17,0.0,0.0,0.0
WorkflowType,EHC.Workflow.WorkflowType,SQL Server Table,SQLScriptTable,SQL Server Table,C:\ProgramData\CAST\AipConsole\AipNode\deploy\Project Modern Cardinal\main_sources\DDL\EHC.sql,13,0.0,0.0,0.0
GLEntry,EHC.GL.GLEntry,SQL Server Table,SQLScriptTable,SQL Server Table,C:\ProgramData\CAST\AipConsole\AipNode\deploy\Project Modern Cardinal\main_sources\DDL\EHC.sql,21,0.0,0.0,0.0
EmployeeProfile,EHC.Employee.EmployeeProfile,SQL Server Table,SQLScriptTable,SQL Server Table,C:\ProgramData\CAST\AipConsole\AipNode\deploy\Project Modern Cardinal\main_sources\DDL\EHC.sql,27,0.0,0.0,0.0
LmsInstance,EHC.Lms.LmsInstance,SQL Server Table,SQLScriptTable,SQL Server Table,C:\ProgramData\CAST\AipConsole\AipNode\deploy\Project Modern Cardinal\main_sources\DDL\EHC.sql,14,0.0,0.0,0.0
LmsSlideStatus,EHC.Lms.LmsSlideStatus,SQL Server Table,SQLScriptTable,SQL Server Table,C:\ProgramData\CAST\AipConsole\AipNode\deploy\Project Modern Cardinal\main_sources\DDL\EHC.sql,13,0.0,0.0,0.0
EmployeeAccessLevelType,EHC.OrgManagement.EmployeeAccessLevelType,SQL Server Table,SQLScriptTable,SQL Server Table,C:\ProgramData\CAST\AipConsole\AipNode\deploy\Project Modern Cardinal\main_sources\DDL\EHC.sql,13,0.0,0.0,0.0
IdentDocList,EHC.Onboarding.IdentDocList,SQL Server Table,SQLScriptTable,SQL Server Table,C:\ProgramData\CAST\AipConsole\AipNode\deploy\Project Modern Cardinal\main_sources\DDL\EHC.sql,14,0.0,0.0,0.0
UserAccountGroup,EHC.User.UserAccountGroup,SQL Server Table,SQLScriptTable,SQL Server Table,C:\ProgramData\CAST\AipConsole\AipNode\deploy\Project Modern Cardinal\main_sources\DDL\EHC.sql,14,0.0,0.0,0.0
OrgChartUserSetting,EHC.OrgManagement.OrgChartUserSetting,SQL Server Table,SQLScriptTable,SQL Server Table,C:\ProgramData\CAST\AipConsole\AipNode\deploy\Project Modern Cardinal\main_sources\DDL\EHC.sql,13,0.0,0.0,0.0
AccountCustomFieldSetup,EHC.Account.AccountCustomFieldSetup,SQL Server Table,SQLScriptTable,SQL Server Table,C:\ProgramData\CAST\AipConsole\AipNode\deploy\Project Modern Cardinal\main_sources\DDL\EHC.sql,20,0.0,0.0,0.0
AccountModule,EHC.Account.AccountModule,SQL Server Table,SQLScriptTable,SQL Server Table,C:\ProgramData\CAST\AipConsole\AipNode\deploy\Project Modern Cardinal\main_sources\DDL\EHC.sql,16,0.0,0.0,0.0
UserDepartmentInclude,EHC.OrgManagement.UserDepartmentInclude,SQL Server Table,SQLScriptTable,SQL Server Table,C:\ProgramData\CAST\AipConsole\AipNode\deploy\Project Modern Cardinal\main_sources\DDL\EHC.sql,15,0.0,0.0,0.0
EmployeeKey,EHC.Employee.EmployeeKey,SQL Server Table,SQLScriptTable,SQL Server Table,C:\ProgramData\CAST\AipConsole\AipNode\deploy\Project Modern Cardinal\main_sources\DDL\EHC.sql,14,0.0,0.0,0.0
AspNetUserRoles,EHC.dbo.AspNetUserRoles,SQL Server Table,SQLScriptTable,SQL Server Table,C:\ProgramData\CAST\AipConsole\AipNode\deploy\Project Modern Cardinal\main_sources\DDL\EHC.sql,13,0.0,0.0,0.0
Request,EHC.Workflow.Request,SQL Server Table,SQLScriptTable,SQL Server Table,C:\ProgramData\CAST\AipConsole\AipNode\deploy\Project Modern Cardinal\main_sources\DDL\EHC.sql,20,0.0,0.0,0.0
EmailMessageAttachment,EHC.Application.EmailMessageAttachment,SQL Server Table,SQLScriptTable,SQL Server Table,C:\ProgramData\CAST\AipConsole\AipNode\deploy\Project Modern Cardinal\main_sources\DDL\EHC.sql,13,0.0,0.0,0.0
Log,EHC.Application.Log,SQL Server Table,SQLScriptTable,SQL Server Table,C:\ProgramData\CAST\AipConsole\AipNode\deploy\Project Modern Cardinal\main_sources\DDL\EHC.sql,29,0.0,0.0,0.0
RequestAction,EHC.Workflow.RequestAction,SQL Server Table,SQLScriptTable,SQL Server Table,C:\ProgramData\CAST\AipConsole\AipNode\deploy\Project Modern Cardinal\main_sources\DDL\EHC.sql,24,0.0,0.0,0.0
StepInstance,EHC.Onboarding.StepInstance,SQL Server Table,SQLScriptTable,SQL Server Table,C:\ProgramData\CAST\AipConsole\AipNode\deploy\Project Modern Cardinal\main_sources\DDL\EHC.sql,16,0.0,0.0,0.0
Instance,EHC.Onboarding.Instance,SQL Server Table,SQLScriptTable,SQL Server Table,C:\ProgramData\CAST\AipConsole\AipNode\deploy\Project Modern Cardinal\main_sources\DDL\EHC.sql,16,0.0,0.0,0.0
GLCashMappingGroup,EHC.GL.GLCashMappingGroup,SQL Server Table,SQLScriptTable,SQL Server Table,C:\ProgramData\CAST\AipConsole\AipNode\deploy\Project Modern Cardinal\main_sources\DDL\EHC.sql,15,0.0,0.0,0.0
UserNotificationPreferences,EHC.User.UserNotificationPreferences,SQL Server Table,SQLScriptTable,SQL Server Table,C:\ProgramData\CAST\AipConsole\AipNode\deploy\Project Modern Cardinal\main_sources\DDL\EHC.sql,14,0.0,0.0,0.0
EmployeeTaxExt,EHC.Employee.EmployeeTaxExt,SQL Server Table,SQLScriptTable,SQL Server Table,C:\ProgramData\CAST\AipConsole\AipNode\deploy\Project Modern Cardinal\main_sources\DDL\EHC.sql,32,0.0,0.0,0.0
LmsSlideType,EHC.Lms.LmsSlideType,SQL Server Table,SQLScriptTable,SQL Server Table,C:\ProgramData\CAST\AipConsole\AipNode\deploy\Project Modern Cardinal\main_sources\DDL\EHC.sql,14,0.0,0.0,0.0
SyncStatus,EHC.DataChange.SyncStatus,SQL Server Table,SQLScriptTable,SQL Server Table,C:\ProgramData\CAST\AipConsole\AipNode\deploy\Project Modern Cardinal\main_sources\DDL\EHC.sql,13,0.0,0.0,0.0
LmsStatus,EHC.Lms.LmsStatus,SQL Server Table,SQLScriptTable,SQL Server Table,C:\ProgramData\CAST\AipConsole\AipNode\deploy\Project Modern Cardinal\main_sources\DDL\EHC.sql,13,0.0,0.0,0.0
Vaccine,EHC.VaxTracker.Vaccine,SQL Server Table,SQLScriptTable,SQL Server Table,C:\ProgramData\CAST\AipConsole\AipNode\deploy\Project Modern Cardinal\main_sources\DDL\EHC.sql,15,0.0,0.0,0.0
TransmissionType,EHC.DataLoad.TransmissionType,SQL Server Table,SQLScriptTable,SQL Server Table,C:\ProgramData\CAST\AipConsole\AipNode\deploy\Project Modern Cardinal\main_sources\DDL\EHC.sql,13,0.0,0.0,0.0
Group,EHC.OrgManagement.Group,SQL Server Table,SQLScriptTable,SQL Server Table,C:\ProgramData\CAST\AipConsole\AipNode\deploy\Project Modern Cardinal\main_sources\DDL\EHC.sql,14,0.0,0.0,0.0
FormEntityType,EHC.Application.FormEntityType,SQL Server Table,SQLScriptTable,SQL Server Table,C:\ProgramData\CAST\AipConsole\AipNode\deploy\Project Modern Cardinal\main_sources\DDL\EHC.sql,13,0.0,0.0,0.0
DataStepType,EHC.Onboarding.DataStepType,SQL Server Table,SQLScriptTable,SQL Server Table,C:\ProgramData\CAST\AipConsole\AipNode\deploy\Project Modern Cardinal\main_sources\DDL\EHC.sql,13,0.0,0.0,0.0
IdentityDocumentStepInstanceFile,EHC.Onboarding.IdentityDocumentStepInstanceFile,SQL Server Table,SQLScriptTable,SQL Server Table,C:\ProgramData\CAST\AipConsole\AipNode\deploy\Project Modern Cardinal\main_sources\DDL\EHC.sql,13,0.0,0.0,0.0
VaccineLog,EHC.VaxTracker.VaccineLog,SQL Server Table,SQLScriptTable,SQL Server Table,C:\ProgramData\CAST\AipConsole\AipNode\deploy\Project Modern Cardinal\main_sources\DDL\EHC.sql,15,0.0,0.0,0.0
TestResult,EHC.VaxTracker.TestResult,SQL Server Table,SQLScriptTable,SQL Server Table,C:\ProgramData\CAST\AipConsole\AipNode\deploy\Project Modern Cardinal\main_sources\DDL\EHC.sql,13,0.0,0.0,0.0
GLLaborDistOverrideStg,EHC.GL.GLLaborDistOverrideStg,SQL Server Table,SQLScriptTable,SQL Server Table,C:\ProgramData\CAST\AipConsole\AipNode\deploy\Project Modern Cardinal\main_sources\DDL\EHC.sql,24,0.0,0.0,0.0
IntegrationTransmissionType,EHC.Integration.IntegrationTransmissionType,SQL Server Table,SQLScriptTable,SQL Server Table,C:\ProgramData\CAST\AipConsole\AipNode\deploy\Project Modern Cardinal\main_sources\DDL\EHC.sql,13,0.0,0.0,0.0
GLEntryDetail,EHC.GL.GLEntryDetail,SQL Server Table,SQLScriptTable,SQL Server Table,C:\ProgramData\CAST\AipConsole\AipNode\deploy\Project Modern Cardinal\main_sources\DDL\EHC.sql,27,0.0,0.0,0.0
FileType,EHC.Application.FileType,SQL Server Table,SQLScriptTable,SQL Server Table,C:\ProgramData\CAST\AipConsole\AipNode\deploy\Project Modern Cardinal\main_sources\DDL\EHC.sql,13,0.0,0.0,0.0
Submission,EHC.DataChange.Submission,SQL Server Table,SQLScriptTable,SQL Server Table,C:\ProgramData\CAST\AipConsole\AipNode\deploy\Project Modern Cardinal\main_sources\DDL\EHC.sql,21,0.0,0.0,0.0
FileExchangeFile,EHC.FileExchange.FileExchangeFile,SQL Server Table,SQLScriptTable,SQL Server Table,C:\ProgramData\CAST\AipConsole\AipNode\deploy\Project Modern Cardinal\main_sources\DDL\EHC.sql,19,0.0,0.0,0.0
GroupMember,EHC.Account.GroupMember,SQL Server Table,SQLScriptTable,SQL Server Table,C:\ProgramData\CAST\AipConsole\AipNode\deploy\Project Modern Cardinal\main_sources\DDL\EHC.sql,13,0.0,0.0,0.0
Action,EHC.Workflow.Action,SQL Server Table,SQLScriptTable,SQL Server Table,C:\ProgramData\CAST\AipConsole\AipNode\deploy\Project Modern Cardinal\main_sources\DDL\EHC.sql,16,0.0,0.0,0.0
GLLaborDist,EHC.GL.GLLaborDist,SQL Server Table,SQLScriptTable,SQL Server Table,C:\ProgramData\CAST\AipConsole\AipNode\deploy\Project Modern Cardinal\main_sources\DDL\EHC.sql,24,0.0,0.0,0.0
HireAccount,EHC.Hire.HireAccount,SQL Server Table,SQLScriptTable,SQL Server Table,C:\ProgramData\CAST\AipConsole\AipNode\deploy\Project Modern Cardinal\main_sources\DDL\EHC.sql,12,0.0,0.0,0.0
FileLink,EHC.Application.FileLink,SQL Server Table,SQLScriptTable,SQL Server Table,C:\ProgramData\CAST\AipConsole\AipNode\deploy\Project Modern Cardinal\main_sources\DDL\EHC.sql,16,0.0,0.0,0.0
EmployeeFile,EHC.Employee.EmployeeFile,SQL Server Table,SQLScriptTable,SQL Server Table,C:\ProgramData\CAST\AipConsole\AipNode\deploy\Project Modern Cardinal\main_sources\DDL\EHC.sql,15,0.0,0.0,0.0
RoleField,EHC.Application.RoleField,SQL Server Table,SQLScriptTable,SQL Server Table,C:\ProgramData\CAST\AipConsole\AipNode\deploy\Project Modern Cardinal\main_sources\DDL\EHC.sql,19,0.0,0.0,0.0
ADLFileOutboundStepFile,EHC.DataLoad.ADLFileOutboundStepFile,SQL Server Table,SQLScriptTable,SQL Server Table,C:\ProgramData\CAST\AipConsole\AipNode\deploy\Project Modern Cardinal\main_sources\DDL\EHC.sql,14,0.0,0.0,0.0
StateProcess,EHC.Workflow.StateProcess,SQL Server Table,SQLScriptTable,SQL Server Table,C:\ProgramData\CAST\AipConsole\AipNode\deploy\Project Modern Cardinal\main_sources\DDL\EHC.sql,14,0.0,0.0,0.0
LmsTrainingSlide,EHC.Lms.LmsTrainingSlide,SQL Server Table,SQLScriptTable,SQL Server Table,C:\ProgramData\CAST\AipConsole\AipNode\deploy\Project Modern Cardinal\main_sources\DDL\EHC.sql,23,0.0,0.0,0.0
vwRequestStatuses,EHC.Workflow.vwRequestStatuses,SQL Server View,SQLScriptView,SQL Server View,C:\ProgramData\CAST\AipConsole\AipNode\deploy\Project Modern Cardinal\main_sources\DDL\EHC.sql,14,3.0,3.0,3.0
Administrators,EHC.Account.Administrators,SQL Server View,SQLScriptView,SQL Server View,C:\ProgramData\CAST\AipConsole\AipNode\deploy\Project Modern Cardinal\main_sources\DDL\EHC.sql,11,1.0,1.0,1.0
EmployeeChildCustomFieldValues,EHC.Employee.EmployeeChildCustomFieldValues,SQL Server View,SQLScriptView,SQL Server View,C:\ProgramData\CAST\AipConsole\AipNode\deploy\Project Modern Cardinal\main_sources\DDL\EHC.sql,34,1.0,1.0,1.0
vwWorkflows,EHC.Workflow.vwWorkflows,SQL Server View,SQLScriptView,SQL Server View,C:\ProgramData\CAST\AipConsole\AipNode\deploy\Project Modern Cardinal\main_sources\DDL\EHC.sql,13,5.0,5.0,5.0
EmployeeCustomFieldValues,EHC.Employee.EmployeeCustomFieldValues,SQL Server View,SQLScriptView,SQL Server View,C:\ProgramData\CAST\AipConsole\AipNode\deploy\Project Modern Cardinal\main_sources\DDL\EHC.sql,19,1.0,1.0,1.0
User_AccountGroupAccounts,EHC.User.User_AccountGroupAccounts,SQL Server View,SQLScriptView,SQL Server View,C:\ProgramData\CAST\AipConsole\AipNode\deploy\Project Modern Cardinal\main_sources\DDL\EHC.sql,6,1.0,1.0,1.0
User_Accounts,EHC.User.User_Accounts,SQL Server View,SQLScriptView,SQL Server View,C:\ProgramData\CAST\AipConsole\AipNode\deploy\Project Modern Cardinal\main_sources\DDL\EHC.sql,9,1.0,1.0,1.0
User_Memberships,EHC.ServiceBureau.User_Memberships,SQL Server View,SQLScriptView,SQL Server View,C:\ProgramData\CAST\AipConsole\AipNode\deploy\Project Modern Cardinal\main_sources\DDL\EHC.sql,33,3.0,3.0,3.0
EmployeeProfiles,EHC.Employee.EmployeeProfiles,SQL Server View,SQLScriptView,SQL Server View,C:\ProgramData\CAST\AipConsole\AipNode\deploy\Project Modern Cardinal\main_sources\DDL\EHC.sql,32,1.0,1.0,1.0
EmployeePrimaryCustomFieldValues,EHC.Employee.EmployeePrimaryCustomFieldValues,SQL Server View,SQLScriptView,SQL Server View,C:\ProgramData\CAST\AipConsole\AipNode\deploy\Project Modern Cardinal\main_sources\DDL\EHC.sql,14,1.0,1.0,1.0
User_PrimaryAccount,EHC.User.User_PrimaryAccount,SQL Server View,SQLScriptView,SQL Server View,C:\ProgramData\CAST\AipConsole\AipNode\deploy\Project Modern Cardinal\main_sources\DDL\EHC.sql,11,1.0,1.0,1.0
User_Memberships,EHC.Employee.User_Memberships,SQL Server View,SQLScriptView,SQL Server View,C:\ProgramData\CAST\AipConsole\AipNode\deploy\Project Modern Cardinal\main_sources\DDL\EHC.sql,36,5.0,5.0,5.0
AspNetUsers_UPDATE_PasswordChange,EHC.dbo.AspNetUsers_UPDATE_PasswordChange,SQL Server Trigger,SQLScriptTrigger,SQL Server Trigger,C:\ProgramData\CAST\AipConsole\AipNode\deploy\Project Modern Cardinal\main_sources\DDL\EHC.sql,38,2.0,2.0,2.0
Account_UPDATE_Change_PasswordExpirationDate,EHC.Account.Account_UPDATE_Change_PasswordExpirationDate,SQL Server Trigger,SQLScriptTrigger,SQL Server Trigger,C:\ProgramData\CAST\AipConsole\AipNode\deploy\Project Modern Cardinal\main_sources\DDL\EHC.sql,20,3.0,3.0,3.0
ServiceBureau_INSERT_Add_ServiceBureauUser,EHC.ServiceBureau.ServiceBureau_INSERT_Add_ServiceBureauUser,SQL Server Trigger,SQLScriptTrigger,SQL Server Trigger,C:\ProgramData\CAST\AipConsole\AipNode\deploy\Project Modern Cardinal\main_sources\DDL\EHC.sql,22,1.0,1.0,1.0
