Name,Full Name,Object Type,Internal Type,Level,File Path,Line of code,Cyclomatic Complexity,Essential Complexity,Integration Complexity
ArrayList_To_Table,EHC_Infrastructure.Utility.ArrayList_To_Table,SQL Server Function,SQLScriptFunction,SQL Server Function,C:\ProgramData\CAST\AipConsole\AipNode\deploy\Project Modern Cardinal\main_sources\DDL\EHC_Infrastructure.sql,31,4.0,4.0,4.0
WrapReservedWord,EHC.Utility.WrapReservedWord,SQL Server Function,SQLScriptFunction,SQL Server Function,C:\ProgramData\CAST\AipConsole\AipNode\deploy\Project Modern Cardinal\main_sources\DDL\EHC.sql,15,4.0,4.0,4.0
InlineMax,EHC_Infrastructure.Utility.InlineMax,SQL Server Function,SQLScriptFunction,SQL Server Function,C:\ProgramData\CAST\AipConsole\AipNode\deploy\Project Modern Cardinal\main_sources\DDL\EHC_Infrastructure.sql,12,3.0,3.0,3.0
ArrayList_To_Table,EHC.Utility.ArrayList_To_Table,SQL Server Function,SQLScriptFunction,SQL Server Function,C:\ProgramData\CAST\AipConsole\AipNode\deploy\Project Modern Cardinal\main_sources\DDL\EHC.sql,31,4.0,4.0,4.0
FormatDate,EHC_Infrastructure.Utility.FormatDate,SQL Server Function,SQLScriptFunction,SQL Server Function,C:\ProgramData\CAST\AipConsole\AipNode\deploy\Project Modern Cardinal\main_sources\DDL\EHC_Infrastructure.sql,33,2.0,2.0,2.0
InlineMax,EHC.Utility.InlineMax,SQL Server Function,SQLScriptFunction,SQL Server Function,C:\ProgramData\CAST\AipConsole\AipNode\deploy\Project Modern Cardinal\main_sources\DDL\EHC.sql,12,3.0,3.0,3.0
FieldIdFromCanonicalName,EHC.Application.FieldIdFromCanonicalName,SQL Server Function,SQLScriptFunction,SQL Server Function,C:\ProgramData\CAST\AipConsole\AipNode\deploy\Project Modern Cardinal\main_sources\Configurations-Scripts-Sources\EHC.Application\Data\Databases\Core\Refactor\Application\Field_CanonicalNames_Populate.sql,11,2.0,2.0,2.0
DatabaseFileSizeInMb,EHC.Utility.DatabaseFileSizeInMb,SQL Server Function,SQLScriptFunction,SQL Server Function,C:\ProgramData\CAST\AipConsole\AipNode\deploy\Project Modern Cardinal\main_sources\DDL\EHC.sql,17,2.0,2.0,2.0
DateTimeFromParts,EHC.Utility.DateTimeFromParts,SQL Server Function,SQLScriptFunction,SQL Server Function,C:\ProgramData\CAST\AipConsole\AipNode\deploy\Project Modern Cardinal\main_sources\DDL\EHC.sql,11,2.0,2.0,2.0
GenerateTemporaryPassword,EHC.User.GenerateTemporaryPassword,SQL Server Function,SQLScriptFunction,SQL Server Function,C:\ProgramData\CAST\AipConsole\AipNode\deploy\Project Modern Cardinal\main_sources\DDL\EHC.sql,14,2.0,2.0,2.0
FormatDate,EHC.Utility.FormatDate,SQL Server Function,SQLScriptFunction,SQL Server Function,C:\ProgramData\CAST\AipConsole\AipNode\deploy\Project Modern Cardinal\main_sources\DDL\EHC.sql,33,2.0,2.0,2.0
InlineMin,EHC.Utility.InlineMin,SQL Server Function,SQLScriptFunction,SQL Server Function,C:\ProgramData\CAST\AipConsole\AipNode\deploy\Project Modern Cardinal\main_sources\DDL\EHC.sql,12,3.0,3.0,3.0
ViewIdFromCanonicalName,EHC.Application.ViewIdFromCanonicalName,SQL Server Function,SQLScriptFunction,SQL Server Function,C:\ProgramData\CAST\AipConsole\AipNode\deploy\Project Modern Cardinal\main_sources\Configurations-Scripts-Sources\EHC.Application\Data\Databases\Core\Refactor\Application\View_CanonicalNames_Populate.sql,11,2.0,2.0,2.0
GetSubordinates,EHC.Employee.GetSubordinates,SQL Server Function,SQLScriptFunction,SQL Server Function,C:\ProgramData\CAST\AipConsole\AipNode\deploy\Project Modern Cardinal\main_sources\DDL\EHC.sql,26,2.0,2.0,2.0
